Rows,Cols,Energy,TOPS,Time,Power Density
4,4,7.12125e-15,3.71094e-03,2.15912e-02,2.64265e-05
4,8,8.80875e-15,7.42187e-03,1.07956e-02,6.53774e-05
4,12,1.04963e-14,1.11328e-02,7.19705e-03,1.16853e-04
4,16,1.21838e-14,1.48437e-02,5.39779e-03,1.80853e-04
4,20,1.38713e-14,1.85547e-02,4.31823e-03,2.57377e-04
4,24,1.55588e-14,2.22656e-02,3.59853e-03,3.46425e-04
4,28,1.72463e-14,2.59766e-02,3.08445e-03,4.47998e-04
4,32,1.89338e-14,2.96875e-02,2.69890e-03,5.62096e-04
4,36,2.06213e-14,3.33984e-02,2.39902e-03,6.88718e-04
4,40,2.23087e-14,3.71094e-02,2.15912e-03,8.27864e-04
4,44,2.39962e-14,4.08203e-02,1.96283e-03,9.79534e-04
4,48,2.56838e-14,4.45312e-02,1.79926e-03,1.14373e-03
4,52,2.73713e-14,4.82422e-02,1.66086e-03,1.32045e-03
4,56,2.90588e-14,5.19531e-02,1.54223e-03,1.50969e-03
4,60,3.07463e-14,5.56641e-02,1.43941e-03,1.71146e-03
4,64,3.24338e-14,5.93750e-02,1.34945e-03,1.92575e-03
4,68,3.41213e-14,6.30859e-02,1.27007e-03,2.15257e-03
4,72,3.58088e-14,6.67969e-02,1.19951e-03,2.39191e-03
4,76,3.74963e-14,7.05078e-02,1.13638e-03,2.64378e-03
4,80,3.91838e-14,7.42188e-02,1.07956e-03,2.90817e-03
4,84,4.08713e-14,7.79297e-02,1.02815e-03,3.18508e-03
4,88,4.25588e-14,8.16406e-02,9.81416e-04,3.47452e-03
4,92,4.42463e-14,8.53516e-02,9.38746e-04,3.77649e-03
4,96,4.59338e-14,8.90625e-02,8.99632e-04,4.09097e-03
4,100,4.76213e-14,9.27734e-02,8.63647e-04,4.41799e-03
4,104,4.93088e-14,9.64844e-02,8.30429e-04,4.75752e-03
4,108,5.09963e-14,1.00195e-01,7.99673e-04,5.10959e-03
4,112,5.26838e-14,1.03906e-01,7.71113e-04,5.47417e-03
4,116,5.43713e-14,1.07617e-01,7.44523e-04,5.85128e-03
4,120,5.60588e-14,1.11328e-01,7.19705e-04,6.24092e-03
4,124,5.77462e-14,1.15039e-01,6.96489e-04,6.64307e-03
4,128,5.94337e-14,1.18750e-01,6.74724e-04,7.05776e-03
8,4,1.25550e-14,7.42187e-03,1.07956e-02,9.31816e-05
8,8,1.42425e-14,1.48437e-02,5.39779e-03,2.11412e-04
8,12,1.59300e-14,2.22656e-02,3.59853e-03,3.54691e-04
8,16,1.76175e-14,2.96875e-02,2.69890e-03,5.23020e-04
8,20,1.93050e-14,3.71094e-02,2.15912e-03,7.16396e-04
8,24,2.09925e-14,4.45312e-02,1.79926e-03,9.34822e-04
8,28,2.26800e-14,5.19531e-02,1.54223e-03,1.17830e-03
8,32,2.43675e-14,5.93750e-02,1.34945e-03,1.44682e-03
8,36,2.60550e-14,6.67969e-02,1.19951e-03,1.74039e-03
8,40,2.77425e-14,7.42188e-02,1.07956e-03,2.05901e-03
8,44,2.94300e-14,8.16406e-02,9.81416e-04,2.40268e-03
8,48,3.11175e-14,8.90625e-02,8.99632e-04,2.77140e-03
8,52,3.28050e-14,9.64844e-02,8.30429e-04,3.16517e-03
8,56,3.44925e-14,1.03906e-01,7.71113e-04,3.58399e-03
8,60,3.61800e-14,1.11328e-01,7.19705e-04,4.02785e-03
8,64,3.78675e-14,1.18750e-01,6.74724e-04,4.49677e-03
8,68,3.95550e-14,1.26172e-01,6.35034e-04,4.99073e-03
8,72,4.12425e-14,1.33594e-01,5.99755e-04,5.50974e-03
8,76,4.29300e-14,1.41016e-01,5.68188e-04,6.05380e-03
8,80,4.46175e-14,1.48438e-01,5.39779e-04,6.62291e-03
8,84,4.63050e-14,1.55859e-01,5.14075e-04,7.21707e-03
8,88,4.79925e-14,1.63281e-01,4.90708e-04,7.83628e-03
8,92,4.96800e-14,1.70703e-01,4.69373e-04,8.48053e-03
8,96,5.13675e-14,1.78125e-01,4.49816e-04,9.14984e-03
8,100,5.30550e-14,1.85547e-01,4.31823e-04,9.84419e-03
8,104,5.47425e-14,1.92969e-01,4.15215e-04,1.05636e-02
8,108,5.64300e-14,2.00391e-01,3.99836e-04,1.13080e-02
8,112,5.81175e-14,2.07812e-01,3.85556e-04,1.20775e-02
8,116,5.98050e-14,2.15234e-01,3.72261e-04,1.28721e-02
8,120,6.14925e-14,2.22656e-01,3.59853e-04,1.36917e-02
8,124,6.31800e-14,2.30078e-01,3.48245e-04,1.45363e-02
8,128,6.48675e-14,2.37500e-01,3.37362e-04,1.54060e-02
12,4,1.79887e-14,1.11328e-02,7.19705e-03,2.00265e-04
12,8,1.96763e-14,2.22656e-02,3.59853e-03,4.38104e-04
12,12,2.13638e-14,3.33984e-02,2.39902e-03,7.13516e-04
12,16,2.30512e-14,4.45312e-02,1.79926e-03,1.02650e-03
12,20,2.47388e-14,5.56641e-02,1.43941e-03,1.37706e-03
12,24,2.64263e-14,6.67969e-02,1.19951e-03,1.76519e-03
12,28,2.81137e-14,7.79297e-02,1.02815e-03,2.19090e-03
12,32,2.98012e-14,8.90625e-02,8.99632e-04,2.65417e-03
12,36,3.14887e-14,1.00195e-01,7.99673e-04,3.15503e-03
12,40,3.31762e-14,1.11328e-01,7.19705e-04,3.69345e-03
12,44,3.48637e-14,1.22461e-01,6.54278e-04,4.26945e-03
12,48,3.65513e-14,1.33594e-01,5.99755e-04,4.88302e-03
12,52,3.82388e-14,1.44727e-01,5.53620e-04,5.53416e-03
12,56,3.99262e-14,1.55859e-01,5.14075e-04,6.22288e-03
12,60,4.16138e-14,1.66992e-01,4.79804e-04,6.94917e-03
12,64,4.33013e-14,1.78125e-01,4.49816e-04,7.71304e-03
12,68,4.49888e-14,1.89258e-01,4.23356e-04,8.51447e-03
12,72,4.66763e-14,2.00391e-01,3.99836e-04,9.35348e-03
12,76,4.83638e-14,2.11523e-01,3.78792e-04,1.02301e-02
12,80,5.00513e-14,2.22656e-01,3.59853e-04,1.11442e-02
12,84,5.17388e-14,2.33789e-01,3.42717e-04,1.20960e-02
12,88,5.34262e-14,2.44922e-01,3.27139e-04,1.30853e-02
12,92,5.51138e-14,2.56055e-01,3.12915e-04,1.41121e-02
12,96,5.68013e-14,2.67187e-01,2.99877e-04,1.51766e-02
12,100,5.84887e-14,2.78320e-01,2.87882e-04,1.62786e-02
12,104,6.01763e-14,2.89453e-01,2.76810e-04,1.74182e-02
12,108,6.18637e-14,3.00586e-01,2.66558e-04,1.85954e-02
12,112,6.35513e-14,3.11719e-01,2.57038e-04,1.98101e-02
12,116,6.52388e-14,3.22852e-01,2.48174e-04,2.10624e-02
12,120,6.69263e-14,3.33984e-01,2.39902e-04,2.23523e-02
12,124,6.86138e-14,3.45117e-01,2.32163e-04,2.36798e-02
12,128,7.03013e-14,3.56250e-01,2.24908e-04,2.50448e-02
16,4,2.34225e-14,1.48437e-02,5.39779e-03,3.47678e-04
16,8,2.51100e-14,2.96875e-02,2.69890e-03,7.45453e-04
16,12,2.67975e-14,4.45312e-02,1.79926e-03,1.19333e-03
16,16,2.84850e-14,5.93750e-02,1.34945e-03,1.69130e-03
16,20,3.01725e-14,7.42188e-02,1.07956e-03,2.23937e-03
16,24,3.18600e-14,8.90625e-02,8.99632e-04,2.83753e-03
16,28,3.35475e-14,1.03906e-01,7.71113e-04,3.48579e-03
16,32,3.52350e-14,1.18750e-01,6.74724e-04,4.18416e-03
16,36,3.69225e-14,1.33594e-01,5.99755e-04,4.93262e-03
16,40,3.86100e-14,1.48438e-01,5.39779e-04,5.73117e-03
16,44,4.02975e-14,1.63281e-01,4.90708e-04,6.57983e-03
16,48,4.19850e-14,1.78125e-01,4.49816e-04,7.47858e-03
16,52,4.36725e-14,1.92969e-01,4.15215e-04,8.42743e-03
16,56,4.53600e-14,2.07812e-01,3.85556e-04,9.42638e-03
16,60,4.70475e-14,2.22656e-01,3.59853e-04,1.04754e-02
16,64,4.87350e-14,2.37500e-01,3.37362e-04,1.15746e-02
16,68,5.04225e-14,2.52344e-01,3.17517e-04,1.27238e-02
16,72,5.21100e-14,2.67187e-01,2.99877e-04,1.39231e-02
16,76,5.37975e-14,2.82031e-01,2.84094e-04,1.51726e-02
16,80,5.54850e-14,2.96875e-01,2.69890e-04,1.64721e-02
16,84,5.71725e-14,3.11719e-01,2.57038e-04,1.78217e-02
16,88,5.88600e-14,3.26562e-01,2.45354e-04,1.92215e-02
16,92,6.05475e-14,3.41406e-01,2.34687e-04,2.06713e-02
16,96,6.22350e-14,3.56250e-01,2.24908e-04,2.21712e-02
16,100,6.39225e-14,3.71094e-01,2.15912e-04,2.37212e-02
16,104,6.56100e-14,3.85937e-01,2.07607e-04,2.53214e-02
16,108,6.72975e-14,4.00781e-01,1.99918e-04,2.69716e-02
16,112,6.89850e-14,4.15625e-01,1.92778e-04,2.86719e-02
16,116,7.06725e-14,4.30469e-01,1.86131e-04,3.04223e-02
16,120,7.23600e-14,4.45312e-01,1.79926e-04,3.22228e-02
16,124,7.40475e-14,4.60156e-01,1.74122e-04,3.40734e-02
16,128,7.57350e-14,4.75000e-01,1.68681e-04,3.59741e-02
20,4,2.88563e-14,1.85547e-02,4.31823e-03,5.35419e-04
20,8,3.05438e-14,3.71094e-02,2.15912e-03,1.13346e-03
20,12,3.22313e-14,5.56641e-02,1.43941e-03,1.79412e-03
20,16,3.39188e-14,7.42188e-02,1.07956e-03,2.51741e-03
20,20,3.56063e-14,9.27734e-02,8.63647e-04,3.30331e-03
20,24,3.72938e-14,1.11328e-01,7.19705e-04,4.15184e-03
20,28,3.89813e-14,1.29883e-01,6.16890e-04,5.06299e-03
20,32,4.06688e-14,1.48438e-01,5.39779e-04,6.03677e-03
20,36,4.23563e-14,1.66992e-01,4.79804e-04,7.07316e-03
20,40,4.40438e-14,1.85547e-01,4.31823e-04,8.17218e-03
20,44,4.57313e-14,2.04102e-01,3.92567e-04,9.33382e-03
20,48,4.74188e-14,2.22656e-01,3.59853e-04,1.05581e-02
20,52,4.91063e-14,2.41211e-01,3.32172e-04,1.18450e-02
20,56,5.07938e-14,2.59766e-01,3.08445e-04,1.31945e-02
20,60,5.24813e-14,2.78320e-01,2.87882e-04,1.46066e-02
20,64,5.41688e-14,2.96875e-01,2.69890e-04,1.60813e-02
20,68,5.58563e-14,3.15430e-01,2.54014e-04,1.76187e-02
20,72,5.75438e-14,3.33984e-01,2.39902e-04,1.92187e-02
20,76,5.92313e-14,3.52539e-01,2.27275e-04,2.08813e-02
20,80,6.09188e-14,3.71094e-01,2.15912e-04,2.26066e-02
20,84,6.26063e-14,3.89648e-01,2.05630e-04,2.43944e-02
20,88,6.42938e-14,4.08203e-01,1.96283e-04,2.62449e-02
20,92,6.59813e-14,4.26758e-01,1.87749e-04,2.81580e-02
20,96,6.76688e-14,4.45312e-01,1.79926e-04,3.01337e-02
20,100,6.93563e-14,4.63867e-01,1.72729e-04,3.21721e-02
20,104,7.10438e-14,4.82422e-01,1.66086e-04,3.42731e-02
20,108,7.27312e-14,5.00977e-01,1.59935e-04,3.64367e-02
20,112,7.44188e-14,5.19531e-01,1.54223e-04,3.86629e-02
20,116,7.61063e-14,5.38086e-01,1.48905e-04,4.09517e-02
20,120,7.77938e-14,5.56641e-01,1.43941e-04,4.33032e-02
20,124,7.94813e-14,5.75195e-01,1.39298e-04,4.57172e-02
20,128,8.11688e-14,5.93750e-01,1.34945e-04,4.81939e-02
24,4,3.42900e-14,2.22656e-02,3.59853e-03,7.63488e-04
24,8,3.59775e-14,4.45312e-02,1.79926e-03,1.60212e-03
24,12,3.76650e-14,6.67969e-02,1.19951e-03,2.51590e-03
24,16,3.93525e-14,8.90625e-02,8.99632e-04,3.50483e-03
24,20,4.10400e-14,1.11328e-01,7.19705e-04,4.56891e-03
24,24,4.27275e-14,1.33594e-01,5.99755e-04,5.70813e-03
24,28,4.44150e-14,1.55859e-01,5.14075e-04,6.92249e-03
24,32,4.61025e-14,1.78125e-01,4.49816e-04,8.21201e-03
24,36,4.77900e-14,2.00391e-01,3.99836e-04,9.57667e-03
24,40,4.94775e-14,2.22656e-01,3.59853e-04,1.10165e-02
24,44,5.11650e-14,2.44922e-01,3.27139e-04,1.25314e-02
24,48,5.28525e-14,2.67187e-01,2.99877e-04,1.41215e-02
24,52,5.45400e-14,2.89453e-01,2.76810e-04,1.57868e-02
24,56,5.62275e-14,3.11719e-01,2.57038e-04,1.75272e-02
24,60,5.79150e-14,3.33984e-01,2.39902e-04,1.93427e-02
24,64,5.96025e-14,3.56250e-01,2.24908e-04,2.12334e-02
24,68,6.12900e-14,3.78516e-01,2.11678e-04,2.31992e-02
24,72,6.29775e-14,4.00781e-01,1.99918e-04,2.52402e-02
24,76,6.46650e-14,4.23047e-01,1.89396e-04,2.73563e-02
24,80,6.63525e-14,4.45312e-01,1.79926e-04,2.95476e-02
24,84,6.80400e-14,4.67578e-01,1.71358e-04,3.18140e-02
24,88,6.97275e-14,4.89844e-01,1.63569e-04,3.41556e-02
24,92,7.14150e-14,5.12109e-01,1.56458e-04,3.65723e-02
24,96,7.31025e-14,5.34375e-01,1.49939e-04,3.90641e-02
24,100,7.47900e-14,5.56641e-01,1.43941e-04,4.16312e-02
24,104,7.64775e-14,5.78906e-01,1.38405e-04,4.42733e-02
24,108,7.81650e-14,6.01172e-01,1.33279e-04,4.69906e-02
24,112,7.98525e-14,6.23437e-01,1.28519e-04,4.97830e-02
24,116,8.15400e-14,6.45703e-01,1.24087e-04,5.26506e-02
24,120,8.32275e-14,6.67969e-01,1.19951e-04,5.55934e-02
24,124,8.49150e-14,6.90234e-01,1.16082e-04,5.86113e-02
24,128,8.66025e-14,7.12500e-01,1.12454e-04,6.17043e-02
28,4,3.97238e-14,2.59766e-02,3.08445e-03,1.03189e-03
28,8,4.14112e-14,5.19531e-02,1.54223e-03,2.15144e-03
28,12,4.30987e-14,7.79297e-02,1.02815e-03,3.35867e-03
28,16,4.47863e-14,1.03906e-01,7.71113e-04,4.65357e-03
28,20,4.64738e-14,1.29883e-01,6.16890e-04,6.03614e-03
28,24,4.81613e-14,1.55859e-01,5.14075e-04,7.50638e-03
28,28,4.98488e-14,1.81836e-01,4.40636e-04,9.06429e-03
28,32,5.15363e-14,2.07812e-01,3.85556e-04,1.07099e-02
28,36,5.32238e-14,2.33789e-01,3.42717e-04,1.24431e-02
28,40,5.49113e-14,2.59766e-01,3.08445e-04,1.42641e-02
28,44,5.65988e-14,2.85742e-01,2.80405e-04,1.61727e-02
28,48,5.82863e-14,3.11719e-01,2.57038e-04,1.81689e-02
28,52,5.99738e-14,3.37695e-01,2.37266e-04,2.02529e-02
28,56,6.16613e-14,3.63672e-01,2.20318e-04,2.24245e-02
28,60,6.33488e-14,3.89648e-01,2.05630e-04,2.46837e-02
28,64,6.50362e-14,4.15625e-01,1.92778e-04,2.70307e-02
28,68,6.67238e-14,4.41602e-01,1.81438e-04,2.94653e-02
28,72,6.84112e-14,4.67578e-01,1.71358e-04,3.19876e-02
28,76,7.00988e-14,4.93555e-01,1.62340e-04,3.45976e-02
28,80,7.17862e-14,5.19531e-01,1.54223e-04,3.72952e-02
28,84,7.34738e-14,5.45508e-01,1.46879e-04,4.00805e-02
28,88,7.51612e-14,5.71484e-01,1.40202e-04,4.29535e-02
28,92,7.68488e-14,5.97461e-01,1.34107e-04,4.59141e-02
28,96,7.85363e-14,6.23437e-01,1.28519e-04,4.89624e-02
28,100,8.02238e-14,6.49414e-01,1.23378e-04,5.20984e-02
28,104,8.19113e-14,6.75391e-01,1.18633e-04,5.53221e-02
28,108,8.35988e-14,7.01367e-01,1.14239e-04,5.86334e-02
28,112,8.52863e-14,7.27344e-01,1.10159e-04,6.20324e-02
28,116,8.69738e-14,7.53320e-01,1.06360e-04,6.55191e-02
28,120,8.86613e-14,7.79297e-01,1.02815e-04,6.90934e-02
28,124,9.03487e-14,8.05273e-01,9.94984e-05,7.27554e-02
28,128,9.20363e-14,8.31250e-01,9.63891e-05,7.65051e-02
32,4,4.51575e-14,2.96875e-02,2.69890e-03,1.34061e-03
32,8,4.68450e-14,5.93750e-02,1.34945e-03,2.78142e-03
32,12,4.85325e-14,8.90625e-02,8.99632e-04,4.32243e-03
32,16,5.02200e-14,1.18750e-01,6.74724e-04,5.96363e-03
32,20,5.19075e-14,1.48438e-01,5.39779e-04,7.70502e-03
32,24,5.35950e-14,1.78125e-01,4.49816e-04,9.54661e-03
32,28,5.52825e-14,2.07812e-01,3.85556e-04,1.14884e-02
32,32,5.69700e-14,2.37500e-01,3.37362e-04,1.35304e-02
32,36,5.86575e-14,2.67187e-01,2.99877e-04,1.56726e-02
32,40,6.03450e-14,2.96875e-01,2.69890e-04,1.79149e-02
32,44,6.20325e-14,3.26562e-01,2.45354e-04,2.02575e-02
32,48,6.37200e-14,3.56250e-01,2.24908e-04,2.27002e-02
32,52,6.54075e-14,3.85937e-01,2.07607e-04,2.52432e-02
32,56,6.70950e-14,4.15625e-01,1.92778e-04,2.78864e-02
32,60,6.87825e-14,4.45312e-01,1.79926e-04,3.06297e-02
32,64,7.04700e-14,4.75000e-01,1.68681e-04,3.34732e-02
32,68,7.21575e-14,5.04687e-01,1.58759e-04,3.64170e-02
32,72,7.38450e-14,5.34375e-01,1.49939e-04,3.94609e-02
32,76,7.55325e-14,5.64063e-01,1.42047e-04,4.26051e-02
32,80,7.72200e-14,5.93750e-01,1.34945e-04,4.58494e-02
32,84,7.89075e-14,6.23437e-01,1.28519e-04,4.91939e-02
32,88,8.05950e-14,6.53125e-01,1.22677e-04,5.26386e-02
32,92,8.22825e-14,6.82812e-01,1.17343e-04,5.61835e-02
32,96,8.39700e-14,7.12500e-01,1.12454e-04,5.98286e-02
32,100,8.56575e-14,7.42188e-01,1.07956e-04,6.35739e-02
32,104,8.73450e-14,7.71875e-01,1.03804e-04,6.74194e-02
32,108,8.90325e-14,8.01562e-01,9.99591e-05,7.13651e-02
32,112,9.07200e-14,8.31250e-01,9.63891e-05,7.54110e-02
32,116,9.24075e-14,8.60937e-01,9.30654e-05,7.95571e-02
32,120,9.40950e-14,8.90625e-01,8.99632e-05,8.38034e-02
32,124,9.57825e-14,9.20312e-01,8.70611e-05,8.81498e-02
32,128,9.74700e-14,9.50000e-01,8.43405e-05,9.25965e-02
36,4,5.05913e-14,3.33984e-02,2.39902e-03,1.68967e-03
36,8,5.22788e-14,6.67969e-02,1.19951e-03,3.49206e-03
36,12,5.39663e-14,1.00195e-01,7.99673e-04,5.40717e-03
36,16,5.56538e-14,1.33594e-01,5.99755e-04,7.43499e-03
36,20,5.73413e-14,1.66992e-01,4.79804e-04,9.57554e-03
36,24,5.90288e-14,2.00391e-01,3.99836e-04,1.18288e-02
36,28,6.07162e-14,2.33789e-01,3.42717e-04,1.41948e-02
36,32,6.24038e-14,2.67187e-01,2.99877e-04,1.66735e-02
36,36,6.40913e-14,3.00586e-01,2.66558e-04,1.92649e-02
36,40,6.57788e-14,3.33984e-01,2.39902e-04,2.19691e-02
36,44,6.74663e-14,3.67383e-01,2.18093e-04,2.47859e-02
36,48,6.91538e-14,4.00781e-01,1.99918e-04,2.77155e-02
36,52,7.08413e-14,4.34180e-01,1.84540e-04,3.07578e-02
36,56,7.25288e-14,4.67578e-01,1.71358e-04,3.39129e-02
36,60,7.42163e-14,5.00977e-01,1.59935e-04,3.71806e-02
36,64,7.59038e-14,5.34375e-01,1.49939e-04,4.05611e-02
36,68,7.75913e-14,5.67773e-01,1.41119e-04,4.40543e-02
36,72,7.92788e-14,6.01172e-01,1.33279e-04,4.76602e-02
36,76,8.09663e-14,6.34570e-01,1.26264e-04,5.13788e-02
36,80,8.26538e-14,6.67969e-01,1.19951e-04,5.52101e-02
36,84,8.43413e-14,7.01367e-01,1.14239e-04,5.91542e-02
36,88,8.60287e-14,7.34766e-01,1.09046e-04,6.32110e-02
36,92,8.77163e-14,7.68164e-01,1.04305e-04,6.73805e-02
36,96,8.94038e-14,8.01562e-01,9.99591e-05,7.16627e-02
36,100,9.10913e-14,8.34961e-01,9.59607e-05,7.60576e-02
36,104,9.27788e-14,8.68359e-01,9.22699e-05,8.05653e-02
36,108,9.44663e-14,9.01758e-01,8.88525e-05,8.51857e-02
36,112,9.61538e-14,9.35156e-01,8.56792e-05,8.99188e-02
36,116,9.78413e-14,9.68555e-01,8.27248e-05,9.47646e-02
36,120,9.95288e-14,1.00195e+00,7.99673e-05,9.97231e-02
36,124,1.01216e-13,1.03535e+00,7.73877e-05,1.04794e-01
36,128,1.02904e-13,1.06875e+00,7.49693e-05,1.09978e-01
40,4,5.60250e-14,3.71094e-02,2.15912e-03,2.07905e-03
40,8,5.77125e-14,7.42188e-02,1.07956e-03,4.28335e-03
40,12,5.94000e-14,1.11328e-01,7.19705e-04,6.61289e-03
40,16,6.10875e-14,1.48438e-01,5.39779e-04,9.06768e-03
40,20,6.27750e-14,1.85547e-01,4.31823e-04,1.16477e-02
40,24,6.44625e-14,2.22656e-01,3.59853e-04,1.43530e-02
40,28,6.61500e-14,2.59766e-01,3.08445e-04,1.71835e-02
40,32,6.78375e-14,2.96875e-01,2.69890e-04,2.01393e-02
40,36,6.95250e-14,3.33984e-01,2.39902e-04,2.32203e-02
40,40,7.12125e-14,3.71094e-01,2.15912e-04,2.64265e-02
40,44,7.29000e-14,4.08203e-01,1.96283e-04,2.97580e-02
40,48,7.45875e-14,4.45312e-01,1.79926e-04,3.32147e-02
40,52,7.62750e-14,4.82422e-01,1.66086e-04,3.67967e-02
40,56,7.79625e-14,5.19531e-01,1.54223e-04,4.05040e-02
40,60,7.96500e-14,5.56641e-01,1.43941e-04,4.43364e-02
40,64,8.13375e-14,5.93750e-01,1.34945e-04,4.82941e-02
40,68,8.30250e-14,6.30859e-01,1.27007e-04,5.23771e-02
40,72,8.47125e-14,6.67969e-01,1.19951e-04,5.65853e-02
40,76,8.64000e-14,7.05078e-01,1.13638e-04,6.09188e-02
40,80,8.80875e-14,7.42188e-01,1.07956e-04,6.53774e-02
40,84,8.97750e-14,7.79297e-01,1.02815e-04,6.99614e-02
40,88,9.14625e-14,8.16406e-01,9.81416e-05,7.46706e-02
40,92,9.31500e-14,8.53516e-01,9.38746e-05,7.95050e-02
40,96,9.48375e-14,8.90625e-01,8.99632e-05,8.44646e-02
40,100,9.65250e-14,9.27734e-01,8.63647e-05,8.95496e-02
40,104,9.82125e-14,9.64844e-01,8.30429e-05,9.47597e-02
40,108,9.99000e-14,1.00195e+00,7.99673e-05,1.00095e-01
40,112,1.01588e-13,1.03906e+00,7.71113e-05,1.05556e-01
40,116,1.03275e-13,1.07617e+00,7.44523e-05,1.11142e-01
40,120,1.04963e-13,1.11328e+00,7.19705e-05,1.16853e-01
40,124,1.06650e-13,1.15039e+00,6.96489e-05,1.22689e-01
40,128,1.08338e-13,1.18750e+00,6.74724e-05,1.28651e-01
44,4,6.14588e-14,4.08203e-02,1.96283e-03,2.50877e-03
44,8,6.31463e-14,8.16406e-02,9.81416e-04,5.15530e-03
44,12,6.48338e-14,1.22461e-01,6.54278e-04,7.93960e-03
44,16,6.65213e-14,1.63281e-01,4.90708e-04,1.08617e-02
44,20,6.82088e-14,2.04102e-01,3.92567e-04,1.39215e-02
44,24,6.98963e-14,2.44922e-01,3.27139e-04,1.71191e-02
44,28,7.15838e-14,2.85742e-01,2.80405e-04,2.04545e-02
44,32,7.32713e-14,3.26562e-01,2.45354e-04,2.39276e-02
44,36,7.49588e-14,3.67383e-01,2.18093e-04,2.75386e-02
44,40,7.66463e-14,4.08203e-01,1.96283e-04,3.12872e-02
44,44,7.83338e-14,4.49023e-01,1.78439e-04,3.51737e-02
44,48,8.00213e-14,4.89844e-01,1.63569e-04,3.91979e-02
44,52,8.17088e-14,5.30664e-01,1.50987e-04,4.33599e-02
44,56,8.33963e-14,5.71484e-01,1.40202e-04,4.76597e-02
44,60,8.50838e-14,6.12305e-01,1.30856e-04,5.20972e-02
44,64,8.67713e-14,6.53125e-01,1.22677e-04,5.66725e-02
44,68,8.84588e-14,6.93945e-01,1.15461e-04,6.13855e-02
44,72,9.01463e-14,7.34766e-01,1.09046e-04,6.62364e-02
44,76,9.18338e-14,7.75586e-01,1.03307e-04,7.12250e-02
44,80,9.35213e-14,8.16406e-01,9.81416e-05,7.63513e-02
44,84,9.52088e-14,8.57227e-01,9.34682e-05,8.16155e-02
44,88,9.68963e-14,8.98047e-01,8.92197e-05,8.70174e-02
44,92,9.85838e-14,9.38867e-01,8.53406e-05,9.25570e-02
44,96,1.00271e-13,9.79687e-01,8.17847e-05,9.82345e-02
44,100,1.01959e-13,1.02051e+00,7.85133e-05,1.04050e-01
44,104,1.03646e-13,1.06133e+00,7.54936e-05,1.10003e-01
44,108,1.05334e-13,1.10215e+00,7.26975e-05,1.16093e-01
44,112,1.07021e-13,1.14297e+00,7.01012e-05,1.22322e-01
44,116,1.08709e-13,1.18379e+00,6.76839e-05,1.28688e-01
44,120,1.10396e-13,1.22461e+00,6.54278e-05,1.35192e-01
44,124,1.12084e-13,1.26543e+00,6.33172e-05,1.41834e-01
44,128,1.13771e-13,1.30625e+00,6.13385e-05,1.48614e-01
48,4,6.68925e-14,4.45312e-02,1.79926e-03,2.97881e-03
48,8,6.85800e-14,8.90625e-02,8.99632e-04,6.10791e-03
48,12,7.02675e-14,1.33594e-01,5.99755e-04,9.38730e-03
48,16,7.19550e-14,1.78125e-01,4.49816e-04,1.28170e-02
48,20,7.36425e-14,2.22656e-01,3.59853e-04,1.63970e-02
48,24,7.53300e-14,2.67187e-01,2.99877e-04,2.01272e-02
48,28,7.70175e-14,3.11719e-01,2.57038e-04,2.40078e-02
48,32,7.87050e-14,3.56250e-01,2.24908e-04,2.80387e-02
48,36,8.03925e-14,4.00781e-01,1.99918e-04,3.22198e-02
48,40,8.20800e-14,4.45312e-01,1.79926e-04,3.65512e-02
48,44,8.37675e-14,4.89844e-01,1.63569e-04,4.10330e-02
48,48,8.54550e-14,5.34375e-01,1.49939e-04,4.56650e-02
48,52,8.71425e-14,5.78906e-01,1.38405e-04,5.04473e-02
48,56,8.88300e-14,6.23437e-01,1.28519e-04,5.53800e-02
48,60,9.05175e-14,6.67969e-01,1.19951e-04,6.04629e-02
48,64,9.22050e-14,7.12500e-01,1.12454e-04,6.56961e-02
48,68,9.38925e-14,7.57031e-01,1.05839e-04,7.10796e-02
48,72,9.55800e-14,8.01562e-01,9.99591e-05,7.66133e-02
48,76,9.72675e-14,8.46094e-01,9.46981e-05,8.22974e-02
48,80,9.89550e-14,8.90625e-01,8.99632e-05,8.81318e-02
48,84,1.00642e-13,9.35156e-01,8.56792e-05,9.41165e-02
48,88,1.02330e-13,9.79687e-01,8.17847e-05,1.00251e-01
48,92,1.04018e-13,1.02422e+00,7.82289e-05,1.06537e-01
48,96,1.05705e-13,1.06875e+00,7.49693e-05,1.12972e-01
48,100,1.07393e-13,1.11328e+00,7.19705e-05,1.19558e-01
48,104,1.09080e-13,1.15781e+00,6.92024e-05,1.26294e-01
48,108,1.10767e-13,1.20234e+00,6.66394e-05,1.33181e-01
48,112,1.12455e-13,1.24687e+00,6.42594e-05,1.40217e-01
48,116,1.14143e-13,1.29141e+00,6.20436e-05,1.47404e-01
48,120,1.15830e-13,1.33594e+00,5.99755e-05,1.54742e-01
48,124,1.17518e-13,1.38047e+00,5.80408e-05,1.62229e-01
48,128,1.19205e-13,1.42500e+00,5.62270e-05,1.69867e-01
52,4,7.23262e-14,4.82422e-02,1.66086e-03,3.48918e-03
52,8,7.40137e-14,9.64844e-02,8.30429e-04,7.14117e-03
52,12,7.57012e-14,1.44727e-01,5.53620e-04,1.09560e-02
52,16,7.73887e-14,1.92969e-01,4.15215e-04,1.49336e-02
52,20,7.90762e-14,2.41211e-01,3.32172e-04,1.90741e-02
52,24,8.07637e-14,2.89453e-01,2.76810e-04,2.33773e-02
52,28,8.24513e-14,3.37695e-01,2.37266e-04,2.78434e-02
52,32,8.41388e-14,3.85937e-01,2.07607e-04,3.24723e-02
52,36,8.58263e-14,4.34180e-01,1.84540e-04,3.72640e-02
52,40,8.75138e-14,4.82422e-01,1.66086e-04,4.22185e-02
52,44,8.92013e-14,5.30664e-01,1.50987e-04,4.73359e-02
52,48,9.08888e-14,5.78906e-01,1.38405e-04,5.26161e-02
52,52,9.25763e-14,6.27148e-01,1.27758e-04,5.80591e-02
52,56,9.42638e-14,6.75391e-01,1.18633e-04,6.36649e-02
52,60,9.59512e-14,7.23633e-01,1.10724e-04,6.94335e-02
52,64,9.76387e-14,7.71875e-01,1.03804e-04,7.53649e-02
52,68,9.93262e-14,8.20117e-01,9.76976e-05,8.14592e-02
52,72,1.01014e-13,8.68359e-01,9.22699e-05,8.77162e-02
52,76,1.02701e-13,9.16602e-01,8.74136e-05,9.41361e-02
52,80,1.04389e-13,9.64844e-01,8.30429e-05,1.00719e-01
52,84,1.06076e-13,1.01309e+00,7.90885e-05,1.07464e-01
52,88,1.07764e-13,1.06133e+00,7.54936e-05,1.14373e-01
52,92,1.09451e-13,1.10957e+00,7.22112e-05,1.21444e-01
52,96,1.11139e-13,1.15781e+00,6.92024e-05,1.28678e-01
52,100,1.12826e-13,1.20605e+00,6.64343e-05,1.36075e-01
52,104,1.14514e-13,1.25430e+00,6.38792e-05,1.43634e-01
52,108,1.16201e-13,1.30254e+00,6.15133e-05,1.51357e-01
52,112,1.17889e-13,1.35078e+00,5.93164e-05,1.59242e-01
52,116,1.19576e-13,1.39902e+00,5.72710e-05,1.67290e-01
52,120,1.21264e-13,1.44727e+00,5.53620e-05,1.75501e-01
52,124,1.22951e-13,1.49551e+00,5.35761e-05,1.83875e-01
52,128,1.24639e-13,1.54375e+00,5.19018e-05,1.92411e-01
56,4,7.77600e-14,5.19531e-02,1.54223e-03,4.03988e-03
56,8,7.94475e-14,1.03906e-01,7.71113e-04,8.25509e-03
56,12,8.11350e-14,1.55859e-01,5.14075e-04,1.26457e-02
56,16,8.28225e-14,2.07812e-01,3.85556e-04,1.72116e-02
56,20,8.45100e-14,2.59766e-01,3.08445e-04,2.19528e-02
56,24,8.61975e-14,3.11719e-01,2.57038e-04,2.68694e-02
56,28,8.78850e-14,3.63672e-01,2.20318e-04,3.19613e-02
56,32,8.95725e-14,4.15625e-01,1.92778e-04,3.72286e-02
56,36,9.12600e-14,4.67578e-01,1.71358e-04,4.26712e-02
56,40,9.29475e-14,5.19531e-01,1.54223e-04,4.82891e-02
56,44,9.46350e-14,5.71484e-01,1.40202e-04,5.40824e-02
56,48,9.63225e-14,6.23437e-01,1.28519e-04,6.00511e-02
56,52,9.80100e-14,6.75391e-01,1.18633e-04,6.61950e-02
56,56,9.96975e-14,7.27344e-01,1.10159e-04,7.25144e-02
56,60,1.01385e-13,7.79297e-01,1.02815e-04,7.90090e-02
56,64,1.03073e-13,8.31250e-01,9.63891e-05,8.56790e-02
56,68,1.04760e-13,8.83203e-01,9.07192e-05,9.25244e-02
56,72,1.06448e-13,9.35156e-01,8.56792e-05,9.95450e-02
56,76,1.08135e-13,9.87109e-01,8.11698e-05,1.06741e-01
56,80,1.09823e-13,1.03906e+00,7.71113e-05,1.14112e-01
56,84,1.11510e-13,1.09102e+00,7.34393e-05,1.21659e-01
56,88,1.13198e-13,1.14297e+00,7.01012e-05,1.29381e-01
56,92,1.14885e-13,1.19492e+00,6.70533e-05,1.37279e-01
56,96,1.16573e-13,1.24687e+00,6.42594e-05,1.45351e-01
56,100,1.18260e-13,1.29883e+00,6.16890e-05,1.53599e-01
56,104,1.19948e-13,1.35078e+00,5.93164e-05,1.62023e-01
56,108,1.21635e-13,1.40273e+00,5.71195e-05,1.70622e-01
56,112,1.23323e-13,1.45469e+00,5.50795e-05,1.79396e-01
56,116,1.25010e-13,1.50664e+00,5.31802e-05,1.88345e-01
56,120,1.26698e-13,1.55859e+00,5.14075e-05,1.97470e-01
56,124,1.28385e-13,1.61055e+00,4.97492e-05,2.06770e-01
56,128,1.30072e-13,1.66250e+00,4.81946e-05,2.16246e-01
60,4,8.31938e-14,5.56641e-02,1.43941e-03,4.63090e-03
60,8,8.48813e-14,1.11328e-01,7.19705e-04,9.44967e-03
60,12,8.65688e-14,1.66992e-01,4.79804e-04,1.44563e-02
60,16,8.82563e-14,2.22656e-01,3.59853e-04,1.96508e-02
60,20,8.99437e-14,2.78320e-01,2.87882e-04,2.50332e-02
60,24,9.16312e-14,3.33984e-01,2.39902e-04,3.06034e-02
60,28,9.33188e-14,3.89648e-01,2.05630e-04,3.63615e-02
60,32,9.50063e-14,4.45312e-01,1.79926e-04,4.23075e-02
60,36,9.66938e-14,5.00977e-01,1.59935e-04,4.84413e-02
60,40,9.83813e-14,5.56641e-01,1.43941e-04,5.47630e-02
60,44,1.00069e-13,6.12305e-01,1.30856e-04,6.12726e-02
60,48,1.01756e-13,6.67969e-01,1.19951e-04,6.79700e-02
60,52,1.03444e-13,7.23633e-01,1.10724e-04,7.48553e-02
60,56,1.05131e-13,7.79297e-01,1.02815e-04,8.19285e-02
60,60,1.06819e-13,8.34961e-01,9.59607e-05,8.91895e-02
60,64,1.08506e-13,8.90625e-01,8.99632e-05,9.66384e-02
60,68,1.10194e-13,9.46289e-01,8.46712e-05,1.04275e-01
60,72,1.11881e-13,1.00195e+00,7.99673e-05,1.12100e-01
60,76,1.13569e-13,1.05762e+00,7.57585e-05,1.20112e-01
60,80,1.15256e-13,1.11328e+00,7.19705e-05,1.28313e-01
60,84,1.16944e-13,1.16895e+00,6.85434e-05,1.36701e-01
60,88,1.18631e-13,1.22461e+00,6.54278e-05,1.45277e-01
60,92,1.20319e-13,1.28027e+00,6.25831e-05,1.54041e-01
60,96,1.22006e-13,1.33594e+00,5.99755e-05,1.62993e-01
60,100,1.23694e-13,1.39160e+00,5.75764e-05,1.72132e-01
60,104,1.25381e-13,1.44727e+00,5.53620e-05,1.81460e-01
60,108,1.27069e-13,1.50293e+00,5.33115e-05,1.90975e-01
60,112,1.28756e-13,1.55859e+00,5.14075e-05,2.00679e-01
60,116,1.30444e-13,1.61426e+00,4.96349e-05,2.10570e-01
60,120,1.32131e-13,1.66992e+00,4.79804e-05,2.20649e-01
60,124,1.33819e-13,1.72559e+00,4.64326e-05,2.30916e-01
60,128,1.35506e-13,1.78125e+00,4.49816e-05,2.41371e-01
64,4,8.86275e-14,5.93750e-02,1.34945e-03,5.26226e-03
64,8,9.03150e-14,1.18750e-01,6.74724e-04,1.07249e-02
64,12,9.20025e-14,1.78125e-01,4.49816e-04,1.63879e-02
64,16,9.36900e-14,2.37500e-01,3.37362e-04,2.22514e-02
64,20,9.53775e-14,2.96875e-01,2.69890e-04,2.83152e-02
64,24,9.70650e-14,3.56250e-01,2.24908e-04,3.45794e-02
64,28,9.87525e-14,4.15625e-01,1.92778e-04,4.10440e-02
64,32,1.00440e-13,4.75000e-01,1.68681e-04,4.77090e-02
64,36,1.02128e-13,5.34375e-01,1.49939e-04,5.45744e-02
64,40,1.03815e-13,5.93750e-01,1.34945e-04,6.16402e-02
64,44,1.05503e-13,6.53125e-01,1.22677e-04,6.89063e-02
64,48,1.07190e-13,7.12500e-01,1.12454e-04,7.63729e-02
64,52,1.08878e-13,7.71875e-01,1.03804e-04,8.40398e-02
64,56,1.10565e-13,8.31250e-01,9.63891e-05,9.19072e-02
64,60,1.12253e-13,8.90625e-01,8.99632e-05,9.99749e-02
64,64,1.13940e-13,9.50000e-01,8.43405e-05,1.08243e-01
64,68,1.15628e-13,1.00937e+00,7.93793e-05,1.16712e-01
64,72,1.17315e-13,1.06875e+00,7.49693e-05,1.25380e-01
64,76,1.19003e-13,1.12813e+00,7.10236e-05,1.34250e-01
64,80,1.20690e-13,1.18750e+00,6.74724e-05,1.43319e-01
64,84,1.22378e-13,1.24687e+00,6.42594e-05,1.52589e-01
64,88,1.24065e-13,1.30625e+00,6.13385e-05,1.62060e-01
64,92,1.25753e-13,1.36562e+00,5.86716e-05,1.71731e-01
64,96,1.27440e-13,1.42500e+00,5.62270e-05,1.81602e-01
64,100,1.29127e-13,1.48438e+00,5.39779e-05,1.91674e-01
64,104,1.30815e-13,1.54375e+00,5.19018e-05,2.01946e-01
64,108,1.32503e-13,1.60312e+00,4.99795e-05,2.12418e-01
64,112,1.34190e-13,1.66250e+00,4.81946e-05,2.23091e-01
64,116,1.35878e-13,1.72187e+00,4.65327e-05,2.33964e-01
64,120,1.37565e-13,1.78125e+00,4.49816e-05,2.45038e-01
64,124,1.39253e-13,1.84062e+00,4.35306e-05,2.56312e-01
64,128,1.40940e-13,1.90000e+00,4.21702e-05,2.67786e-01
68,4,9.40613e-14,6.30859e-02,1.27007e-03,5.93394e-03
68,8,9.57488e-14,1.26172e-01,6.35034e-04,1.20808e-02
68,12,9.74363e-14,1.89258e-01,4.23356e-04,1.84406e-02
68,16,9.91238e-14,2.52344e-01,3.17517e-04,2.50133e-02
68,20,1.00811e-13,3.15430e-01,2.54014e-04,3.17989e-02
68,24,1.02499e-13,3.78516e-01,2.11678e-04,3.87974e-02
68,28,1.04186e-13,4.41602e-01,1.81438e-04,4.60088e-02
68,32,1.05874e-13,5.04687e-01,1.58759e-04,5.34332e-02
68,36,1.07561e-13,5.67773e-01,1.41119e-04,6.10704e-02
68,40,1.09249e-13,6.30859e-01,1.27007e-04,6.89206e-02
68,44,1.10936e-13,6.93945e-01,1.15461e-04,7.69837e-02
68,48,1.12624e-13,7.57031e-01,1.05839e-04,8.52597e-02
68,52,1.14311e-13,8.20117e-01,9.76976e-05,9.37486e-02
68,56,1.15999e-13,8.83203e-01,9.07192e-05,1.02450e-01
68,60,1.17686e-13,9.46289e-01,8.46712e-05,1.11365e-01
68,64,1.19374e-13,1.00937e+00,7.93793e-05,1.20493e-01
68,68,1.21061e-13,1.07246e+00,7.47099e-05,1.29833e-01
68,72,1.22749e-13,1.13555e+00,7.05594e-05,1.39387e-01
68,76,1.24436e-13,1.19863e+00,6.68457e-05,1.49153e-01
68,80,1.26124e-13,1.26172e+00,6.35034e-05,1.59133e-01
68,84,1.27811e-13,1.32480e+00,6.04794e-05,1.69325e-01
68,88,1.29499e-13,1.38789e+00,5.77304e-05,1.79730e-01
68,92,1.31186e-13,1.45098e+00,5.52204e-05,1.90348e-01
68,96,1.32874e-13,1.51406e+00,5.29195e-05,2.01179e-01
68,100,1.34561e-13,1.57715e+00,5.08027e-05,2.12223e-01
68,104,1.36249e-13,1.64023e+00,4.88488e-05,2.23480e-01
68,108,1.37936e-13,1.70332e+00,4.70396e-05,2.34950e-01
68,112,1.39624e-13,1.76641e+00,4.53596e-05,2.46632e-01
68,116,1.41311e-13,1.82949e+00,4.37955e-05,2.58528e-01
68,120,1.42999e-13,1.89258e+00,4.23356e-05,2.70636e-01
68,124,1.44686e-13,1.95566e+00,4.09699e-05,2.82958e-01
68,128,1.46374e-13,2.01875e+00,3.96896e-05,2.95492e-01
72,4,9.94950e-14,6.67969e-02,1.19951e-03,6.64596e-03
72,8,1.01183e-13,1.33594e-01,5.99755e-04,1.35173e-02
72,12,1.02870e-13,2.00391e-01,3.99836e-04,2.06142e-02
72,16,1.04558e-13,2.67187e-01,2.99877e-04,2.79365e-02
72,20,1.06245e-13,3.33984e-01,2.39902e-04,3.54842e-02
72,24,1.07933e-13,4.00781e-01,1.99918e-04,4.32573e-02
72,28,1.09620e-13,4.67578e-01,1.71358e-04,5.12559e-02
72,32,1.11308e-13,5.34375e-01,1.49939e-04,5.94799e-02
72,36,1.12995e-13,6.01172e-01,1.33279e-04,6.79294e-02
72,40,1.14683e-13,6.67969e-01,1.19951e-04,7.66043e-02
72,44,1.16370e-13,7.34766e-01,1.09046e-04,8.55047e-02
72,48,1.18058e-13,8.01562e-01,9.99591e-05,9.46305e-02
72,52,1.19745e-13,8.68359e-01,9.22699e-05,1.03982e-01
72,56,1.21432e-13,9.35156e-01,8.56792e-05,1.13558e-01
72,60,1.23120e-13,1.00195e+00,7.99673e-05,1.23360e-01
72,64,1.24808e-13,1.06875e+00,7.49693e-05,1.33388e-01
72,68,1.26495e-13,1.13555e+00,7.05594e-05,1.43641e-01
72,72,1.28183e-13,1.20234e+00,6.66394e-05,1.54119e-01
72,76,1.29870e-13,1.26914e+00,6.31321e-05,1.64823e-01
72,80,1.31558e-13,1.33594e+00,5.99755e-05,1.75753e-01
72,84,1.33245e-13,1.40273e+00,5.71195e-05,1.86907e-01
72,88,1.34933e-13,1.46953e+00,5.45231e-05,1.98288e-01
72,92,1.36620e-13,1.53633e+00,5.21526e-05,2.09893e-01
72,96,1.38308e-13,1.60312e+00,4.99795e-05,2.21724e-01
72,100,1.39995e-13,1.66992e+00,4.79804e-05,2.33781e-01
72,104,1.41683e-13,1.73672e+00,4.61350e-05,2.46063e-01
72,108,1.43370e-13,1.80352e+00,4.44263e-05,2.58570e-01
72,112,1.45058e-13,1.87031e+00,4.28396e-05,2.71303e-01
72,116,1.46745e-13,1.93711e+00,4.13624e-05,2.84261e-01
72,120,1.48433e-13,2.00391e+00,3.99836e-05,2.97445e-01
72,124,1.50120e-13,2.07070e+00,3.86938e-05,3.10854e-01
72,128,1.51808e-13,2.13750e+00,3.74847e-05,3.24489e-01
76,4,1.04929e-13,7.05078e-02,1.13638e-03,7.39830e-03
76,8,1.06616e-13,1.41016e-01,5.68188e-04,1.50346e-02
76,12,1.08304e-13,2.11523e-01,3.78792e-04,2.29088e-02
76,16,1.09991e-13,2.82031e-01,2.84094e-04,3.10210e-02
76,20,1.11679e-13,3.52539e-01,2.27275e-04,3.93711e-02
76,24,1.13366e-13,4.23047e-01,1.89396e-04,4.79592e-02
76,28,1.15054e-13,4.93555e-01,1.62340e-04,5.67853e-02
76,32,1.16741e-13,5.64063e-01,1.42047e-04,6.58494e-02
76,36,1.18429e-13,6.34570e-01,1.26264e-04,7.51514e-02
76,40,1.20116e-13,7.05078e-01,1.13638e-04,8.46913e-02
76,44,1.21804e-13,7.75586e-01,1.03307e-04,9.44693e-02
76,48,1.23491e-13,8.46094e-01,9.46981e-05,1.04485e-01
76,52,1.25179e-13,9.16602e-01,8.74136e-05,1.14739e-01
76,56,1.26866e-13,9.87109e-01,8.11698e-05,1.25231e-01
76,60,1.28554e-13,1.05762e+00,7.57585e-05,1.35961e-01
76,64,1.30241e-13,1.12813e+00,7.10236e-05,1.46928e-01
76,68,1.31929e-13,1.19863e+00,6.68457e-05,1.58134e-01
76,72,1.33616e-13,1.26914e+00,6.31321e-05,1.69578e-01
76,76,1.35304e-13,1.33965e+00,5.98093e-05,1.81259e-01
76,80,1.36991e-13,1.41016e+00,5.68188e-05,1.93179e-01
76,84,1.38679e-13,1.48066e+00,5.41132e-05,2.05337e-01
76,88,1.40366e-13,1.55117e+00,5.16535e-05,2.17732e-01
76,92,1.42054e-13,1.62168e+00,4.94077e-05,2.30366e-01
76,96,1.43741e-13,1.69219e+00,4.73490e-05,2.43237e-01
76,100,1.45429e-13,1.76270e+00,4.54551e-05,2.56347e-01
76,104,1.47116e-13,1.83320e+00,4.37068e-05,2.69694e-01
76,108,1.48804e-13,1.90371e+00,4.20880e-05,2.83279e-01
76,112,1.50491e-13,1.97422e+00,4.05849e-05,2.97103e-01
76,116,1.52179e-13,2.04473e+00,3.91854e-05,3.11164e-01
76,120,1.53866e-13,2.11523e+00,3.78792e-05,3.25463e-01
76,124,1.55554e-13,2.18574e+00,3.66573e-05,3.40000e-01
76,128,1.57241e-13,2.25625e+00,3.55118e-05,3.54776e-01
80,4,1.10363e-13,7.42188e-02,1.07956e-03,8.19097e-03
80,8,1.12050e-13,1.48438e-01,5.39779e-04,1.66324e-02
80,12,1.13738e-13,2.22656e-01,3.59853e-04,2.53244e-02
80,16,1.15425e-13,2.96875e-01,2.69890e-04,3.42668e-02
80,20,1.17113e-13,3.71094e-01,2.15912e-04,4.34597e-02
80,24,1.18800e-13,4.45312e-01,1.79926e-04,5.29031e-02
80,28,1.20488e-13,5.19531e-01,1.54223e-04,6.25970e-02
80,32,1.22175e-13,5.93750e-01,1.34945e-04,7.25414e-02
80,36,1.23863e-13,6.67969e-01,1.19951e-04,8.27363e-02
80,40,1.25550e-13,7.42188e-01,1.07956e-04,9.31816e-02
80,44,1.27238e-13,8.16406e-01,9.81416e-05,1.03877e-01
80,48,1.28925e-13,8.90625e-01,8.99632e-05,1.14824e-01
80,52,1.30613e-13,9.64844e-01,8.30429e-05,1.26021e-01
80,56,1.32300e-13,1.03906e+00,7.71113e-05,1.37468e-01
80,60,1.33988e-13,1.11328e+00,7.19705e-05,1.49166e-01
80,64,1.35675e-13,1.18750e+00,6.74724e-05,1.61114e-01
80,68,1.37363e-13,1.26172e+00,6.35034e-05,1.73313e-01
80,72,1.39050e-13,1.33594e+00,5.99755e-05,1.85762e-01
80,76,1.40738e-13,1.41016e+00,5.68188e-05,1.98462e-01
80,80,1.42425e-13,1.48438e+00,5.39779e-05,2.11412e-01
80,84,1.44113e-13,1.55859e+00,5.14075e-05,2.24613e-01
80,88,1.45800e-13,1.63281e+00,4.90708e-05,2.38064e-01
80,92,1.47488e-13,1.70703e+00,4.69373e-05,2.51766e-01
80,96,1.49175e-13,1.78125e+00,4.49816e-05,2.65718e-01
80,100,1.50863e-13,1.85547e+00,4.31823e-05,2.79921e-01
80,104,1.52550e-13,1.92969e+00,4.15215e-05,2.94374e-01
80,108,1.54238e-13,2.00391e+00,3.99836e-05,3.09077e-01
80,112,1.55925e-13,2.07812e+00,3.85556e-05,3.24032e-01
80,116,1.57613e-13,2.15234e+00,3.72261e-05,3.39236e-01
80,120,1.59300e-13,2.22656e+00,3.59853e-05,3.54691e-01
80,124,1.60988e-13,2.30078e+00,3.48245e-05,3.70397e-01
80,128,1.62675e-13,2.37500e+00,3.37362e-05,3.86353e-01
84,4,1.15796e-13,7.79297e-02,1.02815e-03,9.02397e-03
84,8,1.17484e-13,1.55859e-01,5.14075e-04,1.83109e-02
84,12,1.19171e-13,2.33789e-01,3.42717e-04,2.78609e-02
84,16,1.20859e-13,3.11719e-01,2.57038e-04,3.76739e-02
84,20,1.22546e-13,3.89648e-01,2.05630e-04,4.77500e-02
84,24,1.24234e-13,4.67578e-01,1.71358e-04,5.80890e-02
84,28,1.25921e-13,5.45508e-01,1.46879e-04,6.86910e-02
84,32,1.27609e-13,6.23437e-01,1.28519e-04,7.95561e-02
84,36,1.29296e-13,7.01367e-01,1.14239e-04,9.06841e-02
84,40,1.30984e-13,7.79297e-01,1.02815e-04,1.02075e-01
84,44,1.32671e-13,8.57227e-01,9.34682e-05,1.13729e-01
84,48,1.34359e-13,9.35156e-01,8.56792e-05,1.25646e-01
84,52,1.36046e-13,1.01309e+00,7.90885e-05,1.37827e-01
84,56,1.37734e-13,1.09102e+00,7.34393e-05,1.50270e-01
84,60,1.39421e-13,1.16895e+00,6.85434e-05,1.62976e-01
84,64,1.41109e-13,1.24687e+00,6.42594e-05,1.75945e-01
84,68,1.42796e-13,1.32480e+00,6.04794e-05,1.89177e-01
84,72,1.44484e-13,1.40273e+00,5.71195e-05,2.02672e-01
84,76,1.46171e-13,1.48066e+00,5.41132e-05,2.16431e-01
84,80,1.47859e-13,1.55859e+00,5.14075e-05,2.30452e-01
84,84,1.49546e-13,1.63652e+00,4.89596e-05,2.44736e-01
84,88,1.51234e-13,1.71445e+00,4.67341e-05,2.59283e-01
84,92,1.52921e-13,1.79238e+00,4.47022e-05,2.74093e-01
84,96,1.54609e-13,1.87031e+00,4.28396e-05,2.89167e-01
84,100,1.56296e-13,1.94824e+00,4.11260e-05,3.04503e-01
84,104,1.57984e-13,2.02617e+00,3.95443e-05,3.20102e-01
84,108,1.59671e-13,2.10410e+00,3.80797e-05,3.35965e-01
84,112,1.61359e-13,2.18203e+00,3.67197e-05,3.52090e-01
84,116,1.63046e-13,2.25996e+00,3.54535e-05,3.68478e-01
84,120,1.64734e-13,2.33789e+00,3.42717e-05,3.85129e-01
84,124,1.66421e-13,2.41582e+00,3.31661e-05,4.02044e-01
84,128,1.68109e-13,2.49375e+00,3.21297e-05,4.19221e-01
88,4,1.21230e-13,8.16406e-02,9.81416e-04,9.89729e-03
88,8,1.22918e-13,1.63281e-01,4.90708e-04,2.00701e-02
88,12,1.24605e-13,2.44922e-01,3.27139e-04,3.05185e-02
88,16,1.26293e-13,3.26562e-01,2.45354e-04,4.12424e-02
88,20,1.27980e-13,4.08203e-01,1.96283e-04,5.22418e-02
88,24,1.29668e-13,4.89844e-01,1.63569e-04,6.35168e-02
88,28,1.31355e-13,5.71484e-01,1.40202e-04,7.50673e-02
88,32,1.33043e-13,6.53125e-01,1.22677e-04,8.68934e-02
88,36,1.34730e-13,7.34766e-01,1.09046e-04,9.89950e-02
88,40,1.36418e-13,8.16406e-01,9.81416e-05,1.11372e-01
88,44,1.38105e-13,8.98047e-01,8.92197e-05,1.24025e-01
88,48,1.39793e-13,9.79687e-01,8.17847e-05,1.36953e-01
88,52,1.41480e-13,1.06133e+00,7.54936e-05,1.50157e-01
88,56,1.43168e-13,1.14297e+00,7.01012e-05,1.63636e-01
88,60,1.44855e-13,1.22461e+00,6.54278e-05,1.77391e-01
88,64,1.46543e-13,1.30625e+00,6.13385e-05,1.91421e-01
88,68,1.48230e-13,1.38789e+00,5.77304e-05,2.05727e-01
88,72,1.49918e-13,1.46953e+00,5.45231e-05,2.20308e-01
88,76,1.51605e-13,1.55117e+00,5.16535e-05,2.35165e-01
88,80,1.53293e-13,1.63281e+00,4.90708e-05,2.50298e-01
88,84,1.54980e-13,1.71445e+00,4.67341e-05,2.65706e-01
88,88,1.56668e-13,1.79609e+00,4.46098e-05,2.81390e-01
88,92,1.58355e-13,1.87773e+00,4.26703e-05,2.97349e-01
88,96,1.60043e-13,1.95937e+00,4.08924e-05,3.13583e-01
88,100,1.61730e-13,2.04102e+00,3.92567e-05,3.30093e-01
88,104,1.63418e-13,2.12266e+00,3.77468e-05,3.46879e-01
88,108,1.65105e-13,2.20430e+00,3.63488e-05,3.63940e-01
88,112,1.66793e-13,2.28594e+00,3.50506e-05,3.81277e-01
88,116,1.68480e-13,2.36758e+00,3.38419e-05,3.98890e-01
88,120,1.70168e-13,2.44922e+00,3.27139e-05,4.16777e-01
88,124,1.71855e-13,2.53086e+00,3.16586e-05,4.34941e-01
88,128,1.73543e-13,2.61250e+00,3.06693e-05,4.53380e-01
92,4,1.26664e-13,8.53516e-02,9.38746e-04,1.08109e-02
92,8,1.28351e-13,1.70703e-01,4.69373e-04,2.19100e-02
92,12,1.30039e-13,2.56055e-01,3.12915e-04,3.32970e-02
92,16,1.31726e-13,3.41406e-01,2.34687e-04,4.49722e-02
92,20,1.33414e-13,4.26758e-01,1.87749e-04,5.69354e-02
92,24,1.35101e-13,5.12109e-01,1.56458e-04,6.91866e-02
92,28,1.36789e-13,5.97461e-01,1.34107e-04,8.17259e-02
92,32,1.38476e-13,6.82812e-01,1.17343e-04,9.45533e-02
92,36,1.40164e-13,7.68164e-01,1.04305e-04,1.07669e-01
92,40,1.41851e-13,8.53516e-01,9.38746e-05,1.21072e-01
92,44,1.43539e-13,9.38867e-01,8.53406e-05,1.34764e-01
92,48,1.45226e-13,1.02422e+00,7.82289e-05,1.48743e-01
92,52,1.46914e-13,1.10957e+00,7.22112e-05,1.63011e-01
92,56,1.48601e-13,1.19492e+00,6.70533e-05,1.77567e-01
92,60,1.50289e-13,1.28027e+00,6.25831e-05,1.92411e-01
92,64,1.51976e-13,1.36562e+00,5.86716e-05,2.07543e-01
92,68,1.53664e-13,1.45098e+00,5.52204e-05,2.22962e-01
92,72,1.55351e-13,1.53633e+00,5.21526e-05,2.38670e-01
92,76,1.57039e-13,1.62168e+00,4.94077e-05,2.54667e-01
92,80,1.58726e-13,1.70703e+00,4.69373e-05,2.70951e-01
92,84,1.60414e-13,1.79238e+00,4.47022e-05,2.87523e-01
92,88,1.62101e-13,1.87773e+00,4.26703e-05,3.04383e-01
92,92,1.63789e-13,1.96309e+00,4.08151e-05,3.21531e-01
92,96,1.65476e-13,2.04844e+00,3.91144e-05,3.38968e-01
92,100,1.67164e-13,2.13379e+00,3.75498e-05,3.56692e-01
92,104,1.68851e-13,2.21914e+00,3.61056e-05,3.74705e-01
92,108,1.70539e-13,2.30449e+00,3.47684e-05,3.93005e-01
92,112,1.72226e-13,2.38984e+00,3.35267e-05,4.11594e-01
92,116,1.73914e-13,2.47520e+00,3.23706e-05,4.30470e-01
92,120,1.75601e-13,2.56055e+00,3.12915e-05,4.49635e-01
92,124,1.77289e-13,2.64590e+00,3.02821e-05,4.69088e-01
92,128,1.78976e-13,2.73125e+00,2.93358e-05,4.88829e-01
96,4,1.32098e-13,8.90625e-02,8.99632e-04,1.17649e-02
96,8,1.33785e-13,1.78125e-01,4.49816e-04,2.38305e-02
96,12,1.35473e-13,2.67187e-01,2.99877e-04,3.61966e-02
96,16,1.37160e-13,3.56250e-01,2.24908e-04,4.88632e-02
96,20,1.38848e-13,4.45312e-01,1.79926e-04,6.18305e-02
96,24,1.40535e-13,5.34375e-01,1.49939e-04,7.50984e-02
96,28,1.42223e-13,6.23437e-01,1.28519e-04,8.86668e-02
96,32,1.43910e-13,7.12500e-01,1.12454e-04,1.02536e-01
96,36,1.45598e-13,8.01562e-01,9.99591e-05,1.16705e-01
96,40,1.47285e-13,8.90625e-01,8.99632e-05,1.31176e-01
96,44,1.48972e-13,9.79687e-01,8.17847e-05,1.45946e-01
96,48,1.50660e-13,1.06875e+00,7.49693e-05,1.61018e-01
96,52,1.52347e-13,1.15781e+00,6.92024e-05,1.76390e-01
96,56,1.54035e-13,1.24687e+00,6.42594e-05,1.92062e-01
96,60,1.55722e-13,1.33594e+00,5.99755e-05,2.08036e-01
96,64,1.57410e-13,1.42500e+00,5.62270e-05,2.24309e-01
96,68,1.59097e-13,1.51406e+00,5.29195e-05,2.40884e-01
96,72,1.60785e-13,1.60312e+00,4.99795e-05,2.57758e-01
96,76,1.62472e-13,1.69219e+00,4.73490e-05,2.74934e-01
96,80,1.64160e-13,1.78125e+00,4.49816e-05,2.92410e-01
96,84,1.65847e-13,1.87031e+00,4.28396e-05,3.10187e-01
96,88,1.67535e-13,1.95937e+00,4.08924e-05,3.28264e-01
96,92,1.69222e-13,2.04844e+00,3.91144e-05,3.46642e-01
96,96,1.70910e-13,2.13750e+00,3.74847e-05,3.65320e-01
96,100,1.72598e-13,2.22656e+00,3.59853e-05,3.84299e-01
96,104,1.74285e-13,2.31562e+00,3.46012e-05,4.03579e-01
96,108,1.75972e-13,2.40469e+00,3.33197e-05,4.23159e-01
96,112,1.77660e-13,2.49375e+00,3.21297e-05,4.43040e-01
96,116,1.79348e-13,2.58281e+00,3.10218e-05,4.63221e-01
96,120,1.81035e-13,2.67187e+00,2.99877e-05,4.83703e-01
96,124,1.82723e-13,2.76094e+00,2.90204e-05,5.04485e-01
96,128,1.84410e-13,2.85000e+00,2.81135e-05,5.25568e-01
100,4,1.37531e-13,9.27734e-02,8.63647e-04,1.27592e-02
100,8,1.39219e-13,1.85547e-01,4.31823e-04,2.58316e-02
100,12,1.40906e-13,2.78320e-01,2.87882e-04,3.92171e-02
100,16,1.42594e-13,3.71094e-01,2.15912e-04,5.29156e-02
100,20,1.44281e-13,4.63867e-01,1.72729e-04,6.69273e-02
100,24,1.45969e-13,5.56641e-01,1.43941e-04,8.12521e-02
100,28,1.47656e-13,6.49414e-01,1.23378e-04,9.58900e-02
100,32,1.49344e-13,7.42188e-01,1.07956e-04,1.10841e-01
100,36,1.51031e-13,8.34961e-01,9.59607e-05,1.26105e-01
100,40,1.52719e-13,9.27734e-01,8.63647e-05,1.41682e-01
100,44,1.54406e-13,1.02051e+00,7.85133e-05,1.57573e-01
100,48,1.56094e-13,1.11328e+00,7.19705e-05,1.73776e-01
100,52,1.57781e-13,1.20605e+00,6.64343e-05,1.90293e-01
100,56,1.59469e-13,1.29883e+00,6.16890e-05,2.07122e-01
100,60,1.61156e-13,1.39160e+00,5.75764e-05,2.24265e-01
100,64,1.62844e-13,1.48438e+00,5.39779e-05,2.41721e-01
100,68,1.64531e-13,1.57715e+00,5.08027e-05,2.59490e-01
100,72,1.66219e-13,1.66992e+00,4.79804e-05,2.77572e-01
100,76,1.67906e-13,1.76270e+00,4.54551e-05,2.95968e-01
100,80,1.69594e-13,1.85547e+00,4.31823e-05,3.14676e-01
100,84,1.71281e-13,1.94824e+00,4.11260e-05,3.33697e-01
100,88,1.72969e-13,2.04102e+00,3.92567e-05,3.53032e-01
100,92,1.74656e-13,2.13379e+00,3.75498e-05,3.72680e-01
100,96,1.76344e-13,2.22656e+00,3.59853e-05,3.92640e-01
100,100,1.78031e-13,2.31934e+00,3.45459e-05,4.12914e-01
100,104,1.79719e-13,2.41211e+00,3.32172e-05,4.33501e-01
100,108,1.81406e-13,2.50488e+00,3.19869e-05,4.54401e-01
100,112,1.83094e-13,2.59766e+00,3.08445e-05,4.75615e-01
100,116,1.84781e-13,2.69043e+00,2.97809e-05,4.97141e-01
100,120,1.86469e-13,2.78320e+00,2.87882e-05,5.18980e-01
100,124,1.88156e-13,2.87598e+00,2.78596e-05,5.41133e-01
100,128,1.89844e-13,2.96875e+00,2.69890e-05,5.63599e-01
104,4,1.42965e-13,9.64844e-02,8.30429e-04,1.37939e-02
104,8,1.44652e-13,1.92969e-01,4.15215e-04,2.79134e-02
104,12,1.46340e-13,2.89453e-01,2.76810e-04,4.23586e-02
104,16,1.48027e-13,3.85937e-01,2.07607e-04,5.71294e-02
104,20,1.49715e-13,4.82422e-01,1.66086e-04,7.22258e-02
104,24,1.51402e-13,5.78906e-01,1.38405e-04,8.76479e-02
104,28,1.53090e-13,6.75391e-01,1.18633e-04,1.03396e-01
104,32,1.54777e-13,7.71875e-01,1.03804e-04,1.19469e-01
104,36,1.56465e-13,8.68359e-01,9.22699e-05,1.35868e-01
104,40,1.58152e-13,9.64844e-01,8.30429e-05,1.52592e-01
104,44,1.59840e-13,1.06133e+00,7.54936e-05,1.69643e-01
104,48,1.61527e-13,1.15781e+00,6.92024e-05,1.87019e-01
104,52,1.63215e-13,1.25430e+00,6.38792e-05,2.04720e-01
104,56,1.64903e-13,1.35078e+00,5.93164e-05,2.22747e-01
104,60,1.66590e-13,1.44727e+00,5.53620e-05,2.41100e-01
104,64,1.68278e-13,1.54375e+00,5.19018e-05,2.59778e-01
104,68,1.69965e-13,1.64023e+00,4.88488e-05,2.78782e-01
104,72,1.71653e-13,1.73672e+00,4.61350e-05,2.98112e-01
104,76,1.73340e-13,1.83320e+00,4.37068e-05,3.17767e-01
104,80,1.75028e-13,1.92969e+00,4.15215e-05,3.37748e-01
104,84,1.76715e-13,2.02617e+00,3.95443e-05,3.58055e-01
104,88,1.78403e-13,2.12266e+00,3.77468e-05,3.78687e-01
104,92,1.80090e-13,2.21914e+00,3.61056e-05,3.99645e-01
104,96,1.81778e-13,2.31562e+00,3.46012e-05,4.20929e-01
104,100,1.83465e-13,2.41211e+00,3.32172e-05,4.42538e-01
104,104,1.85153e-13,2.50859e+00,3.19396e-05,4.64472e-01
104,108,1.86840e-13,2.60508e+00,3.07566e-05,4.86733e-01
104,112,1.88528e-13,2.70156e+00,2.96582e-05,5.09319e-01
104,116,1.90215e-13,2.79805e+00,2.86355e-05,5.32230e-01
104,120,1.91902e-13,2.89453e+00,2.76810e-05,5.55468e-01
104,124,1.93590e-13,2.99102e+00,2.67880e-05,5.79031e-01
104,128,1.95277e-13,3.08750e+00,2.59509e-05,6.02919e-01
108,4,1.48399e-13,1.00195e-01,7.99673e-04,1.48689e-02
108,8,1.50086e-13,2.00391e-01,3.99836e-04,3.00759e-02
108,12,1.51774e-13,3.00586e-01,2.66558e-04,4.56211e-02
108,16,1.53461e-13,4.00781e-01,1.99918e-04,6.15044e-02
108,20,1.55149e-13,5.00977e-01,1.59935e-04,7.77259e-02
108,24,1.56836e-13,6.01172e-01,1.33279e-04,9.42855e-02
108,28,1.58524e-13,7.01367e-01,1.14239e-04,1.11183e-01
108,32,1.60211e-13,8.01562e-01,9.99591e-05,1.28419e-01
108,36,1.61899e-13,9.01758e-01,8.88525e-05,1.45993e-01
108,40,1.63586e-13,1.00195e+00,7.99673e-05,1.63906e-01
108,44,1.65274e-13,1.10215e+00,7.26975e-05,1.82156e-01
108,48,1.66961e-13,1.20234e+00,6.66394e-05,2.00745e-01
108,52,1.68649e-13,1.30254e+00,6.15133e-05,2.19672e-01
108,56,1.70336e-13,1.40273e+00,5.71195e-05,2.38937e-01
108,60,1.72024e-13,1.50293e+00,5.33115e-05,2.58540e-01
108,64,1.73711e-13,1.60312e+00,4.99795e-05,2.78481e-01
108,68,1.75399e-13,1.70332e+00,4.70396e-05,2.98760e-01
108,72,1.77086e-13,1.80352e+00,4.44263e-05,3.19378e-01
108,76,1.78774e-13,1.90371e+00,4.20880e-05,3.40334e-01
108,80,1.80461e-13,2.00391e+00,3.99836e-05,3.61627e-01
108,84,1.82149e-13,2.10410e+00,3.80797e-05,3.83259e-01
108,88,1.83836e-13,2.20430e+00,3.63488e-05,4.05230e-01
108,92,1.85524e-13,2.30449e+00,3.47684e-05,4.27538e-01
108,96,1.87211e-13,2.40469e+00,3.33197e-05,4.50185e-01
108,100,1.88899e-13,2.50488e+00,3.19869e-05,4.73169e-01
108,104,1.90586e-13,2.60508e+00,3.07566e-05,4.96492e-01
108,108,1.92274e-13,2.70527e+00,2.96175e-05,5.20153e-01
108,112,1.93961e-13,2.80547e+00,2.85597e-05,5.44152e-01
108,116,1.95649e-13,2.90566e+00,2.75749e-05,5.68490e-01
108,120,1.97336e-13,3.00586e+00,2.66558e-05,5.93165e-01
108,124,1.99024e-13,3.10605e+00,2.57959e-05,6.18179e-01
108,128,2.00711e-13,3.20625e+00,2.49898e-05,6.43530e-01
112,4,1.53833e-13,1.03906e-01,7.71113e-04,1.59842e-02
112,8,1.55520e-13,2.07812e-01,3.85556e-04,3.23190e-02
112,12,1.57208e-13,3.11719e-01,2.57038e-04,4.90045e-02
112,16,1.58895e-13,4.15625e-01,1.92778e-04,6.60407e-02
112,20,1.60583e-13,5.19531e-01,1.54223e-04,8.34276e-02
112,24,1.62270e-13,6.23437e-01,1.28519e-04,1.01165e-01
112,28,1.63958e-13,7.27344e-01,1.10159e-04,1.19253e-01
112,32,1.65645e-13,8.31250e-01,9.63891e-05,1.37692e-01
112,36,1.67333e-13,9.35156e-01,8.56792e-05,1.56482e-01
112,40,1.69020e-13,1.03906e+00,7.71113e-05,1.75622e-01
112,44,1.70708e-13,1.14297e+00,7.01012e-05,1.95113e-01
112,48,1.72395e-13,1.24687e+00,6.42594e-05,2.14955e-01
112,52,1.74083e-13,1.35078e+00,5.93164e-05,2.35147e-01
112,56,1.75770e-13,1.45469e+00,5.50795e-05,2.55690e-01
112,60,1.77458e-13,1.55859e+00,5.14075e-05,2.76584e-01
112,64,1.79145e-13,1.66250e+00,4.81946e-05,2.97829e-01
112,68,1.80833e-13,1.76641e+00,4.53596e-05,3.19424e-01
112,72,1.82520e-13,1.87031e+00,4.28396e-05,3.41369e-01
112,76,1.84208e-13,1.97422e+00,4.05849e-05,3.63666e-01
112,80,1.85895e-13,2.07812e+00,3.85556e-05,3.86313e-01
112,84,1.87582e-13,2.18203e+00,3.67197e-05,4.09311e-01
112,88,1.89270e-13,2.28594e+00,3.50506e-05,4.32659e-01
112,92,1.90957e-13,2.38984e+00,3.35267e-05,4.56359e-01
112,96,1.92645e-13,2.49375e+00,3.21297e-05,4.80408e-01
112,100,1.94333e-13,2.59766e+00,3.08445e-05,5.04809e-01
112,104,1.96020e-13,2.70156e+00,2.96582e-05,5.29560e-01
112,108,1.97707e-13,2.80547e+00,2.85597e-05,5.54662e-01
112,112,1.99395e-13,2.90937e+00,2.75397e-05,5.80115e-01
112,116,2.01083e-13,3.01328e+00,2.65901e-05,6.05918e-01
112,120,2.02770e-13,3.11719e+00,2.57038e-05,6.32072e-01
112,124,2.04458e-13,3.22109e+00,2.48746e-05,6.58577e-01
112,128,2.06145e-13,3.32500e+00,2.40973e-05,6.85432e-01
116,4,1.59266e-13,1.07617e-01,7.44523e-04,1.71398e-02
116,8,1.60954e-13,2.15234e-01,3.72261e-04,3.46428e-02
116,12,1.62641e-13,3.22852e-01,2.48174e-04,5.25090e-02
116,16,1.64329e-13,4.30469e-01,1.86131e-04,7.07384e-02
116,20,1.66016e-13,5.38086e-01,1.48905e-04,8.93310e-02
116,24,1.67704e-13,6.45703e-01,1.24087e-04,1.08287e-01
116,28,1.69391e-13,7.53320e-01,1.06360e-04,1.27606e-01
116,32,1.71079e-13,8.60937e-01,9.30654e-05,1.47288e-01
116,36,1.72766e-13,9.68555e-01,8.27248e-05,1.67334e-01
116,40,1.74454e-13,1.07617e+00,7.44523e-05,1.87742e-01
116,44,1.76141e-13,1.18379e+00,6.76839e-05,2.08514e-01
116,48,1.77829e-13,1.29141e+00,6.20436e-05,2.29649e-01
116,52,1.79516e-13,1.39902e+00,5.72710e-05,2.51147e-01
116,56,1.81204e-13,1.50664e+00,5.31802e-05,2.73009e-01
116,60,1.82891e-13,1.61426e+00,4.96349e-05,2.95234e-01
116,64,1.84579e-13,1.72187e+00,4.65327e-05,3.17822e-01
116,68,1.86266e-13,1.82949e+00,4.37955e-05,3.40773e-01
116,72,1.87954e-13,1.93711e+00,4.13624e-05,3.64087e-01
116,76,1.89641e-13,2.04473e+00,3.91854e-05,3.87765e-01
116,80,1.91329e-13,2.15234e+00,3.72261e-05,4.11805e-01
116,84,1.93016e-13,2.25996e+00,3.54535e-05,4.36209e-01
116,88,1.94704e-13,2.36758e+00,3.38419e-05,4.60976e-01
116,92,1.96391e-13,2.47520e+00,3.23706e-05,4.86107e-01
116,96,1.98079e-13,2.58281e+00,3.10218e-05,5.11600e-01
116,100,1.99766e-13,2.69043e+00,2.97809e-05,5.37457e-01
116,104,2.01454e-13,2.79805e+00,2.86355e-05,5.63677e-01
116,108,2.03141e-13,2.90566e+00,2.75749e-05,5.90260e-01
116,112,2.04829e-13,3.01328e+00,2.65901e-05,6.17207e-01
116,116,2.06516e-13,3.12090e+00,2.56732e-05,6.44516e-01
116,120,2.08204e-13,3.22852e+00,2.48174e-05,6.72189e-01
116,124,2.09891e-13,3.33613e+00,2.40169e-05,7.00225e-01
116,128,2.11579e-13,3.44375e+00,2.32663e-05,7.28624e-01
120,4,1.64700e-13,1.11328e-01,7.19705e-04,1.83357e-02
120,8,1.66388e-13,2.22656e-01,3.59853e-04,3.70472e-02
120,12,1.68075e-13,3.33984e-01,2.39902e-04,5.61344e-02
120,16,1.69763e-13,4.45312e-01,1.79926e-04,7.55974e-02
120,20,1.71450e-13,5.56641e-01,1.43941e-04,9.54360e-02
120,24,1.73138e-13,6.67969e-01,1.19951e-04,1.15650e-01
120,28,1.74825e-13,7.79297e-01,1.02815e-04,1.36241e-01
120,32,1.76513e-13,8.90625e-01,8.99632e-05,1.57206e-01
120,36,1.78200e-13,1.00195e+00,7.99673e-05,1.78548e-01
120,40,1.79887e-13,1.11328e+00,7.19705e-05,2.00265e-01
120,44,1.81575e-13,1.22461e+00,6.54278e-05,2.22358e-01
120,48,1.83262e-13,1.33594e+00,5.99755e-05,2.44827e-01
120,52,1.84950e-13,1.44727e+00,5.53620e-05,2.67672e-01
120,56,1.86638e-13,1.55859e+00,5.14075e-05,2.90892e-01
120,60,1.88325e-13,1.66992e+00,4.79804e-05,3.14488e-01
120,64,1.90013e-13,1.78125e+00,4.49816e-05,3.38460e-01
120,68,1.91700e-13,1.89258e+00,4.23356e-05,3.62807e-01
120,72,1.93388e-13,2.00391e+00,3.99836e-05,3.87530e-01
120,76,1.95075e-13,2.11523e+00,3.78792e-05,4.12629e-01
120,80,1.96763e-13,2.22656e+00,3.59853e-05,4.38104e-01
120,84,1.98450e-13,2.33789e+00,3.42717e-05,4.63954e-01
120,88,2.00138e-13,2.44922e+00,3.27139e-05,4.90181e-01
120,92,2.01825e-13,2.56055e+00,3.12915e-05,5.16782e-01
120,96,2.03513e-13,2.67188e+00,2.99877e-05,5.43760e-01
120,100,2.05200e-13,2.78320e+00,2.87882e-05,5.71113e-01
120,104,2.06888e-13,2.89453e+00,2.76810e-05,5.98842e-01
120,108,2.08575e-13,3.00586e+00,2.66558e-05,6.26947e-01
120,112,2.10263e-13,3.11719e+00,2.57038e-05,6.55428e-01
120,116,2.11950e-13,3.22852e+00,2.48174e-05,6.84284e-01
120,120,2.13638e-13,3.33984e+00,2.39902e-05,7.13516e-01
120,124,2.15325e-13,3.45117e+00,2.32163e-05,7.43124e-01
120,128,2.17013e-13,3.56250e+00,2.24908e-05,7.73107e-01
124,4,1.70134e-13,1.15039e-01,6.96489e-04,1.95720e-02
124,8,1.71821e-13,2.30078e-01,3.48245e-04,3.95323e-02
124,12,1.73509e-13,3.45117e-01,2.32163e-04,5.98809e-02
124,16,1.75196e-13,4.60156e-01,1.74122e-04,8.06176e-02
124,20,1.76884e-13,5.75195e-01,1.39298e-04,1.01743e-01
124,24,1.78571e-13,6.90234e-01,1.16082e-04,1.23256e-01
124,28,1.80259e-13,8.05273e-01,9.94984e-05,1.45158e-01
124,32,1.81946e-13,9.20312e-01,8.70611e-05,1.67447e-01
124,36,1.83634e-13,1.03535e+00,7.73877e-05,1.90125e-01
124,40,1.85321e-13,1.15039e+00,6.96489e-05,2.13192e-01
124,44,1.87009e-13,1.26543e+00,6.33172e-05,2.36646e-01
124,48,1.88696e-13,1.38047e+00,5.80408e-05,2.60489e-01
124,52,1.90384e-13,1.49551e+00,5.35761e-05,2.84720e-01
124,56,1.92071e-13,1.61055e+00,4.97492e-05,3.09340e-01
124,60,1.93759e-13,1.72559e+00,4.64326e-05,3.34347e-01
124,64,1.95446e-13,1.84062e+00,4.35306e-05,3.59743e-01
124,68,1.97134e-13,1.95566e+00,4.09699e-05,3.85527e-01
124,72,1.98821e-13,2.07070e+00,3.86938e-05,4.11700e-01
124,76,2.00509e-13,2.18574e+00,3.66573e-05,4.38260e-01
124,80,2.02196e-13,2.30078e+00,3.48245e-05,4.65209e-01
124,84,2.03884e-13,2.41582e+00,3.31661e-05,4.92547e-01
124,88,2.05571e-13,2.53086e+00,3.16586e-05,5.20272e-01
124,92,2.07259e-13,2.64590e+00,3.02821e-05,5.48386e-01
124,96,2.08946e-13,2.76094e+00,2.90204e-05,5.76888e-01
124,100,2.10634e-13,2.87598e+00,2.78596e-05,6.05778e-01
124,104,2.12321e-13,2.99102e+00,2.67880e-05,6.35056e-01
124,108,2.14009e-13,3.10605e+00,2.57959e-05,6.64723e-01
124,112,2.15696e-13,3.22109e+00,2.48746e-05,6.94778e-01
124,116,2.17384e-13,3.33613e+00,2.40169e-05,7.25221e-01
124,120,2.19071e-13,3.45117e+00,2.32163e-05,7.56053e-01
124,124,2.20759e-13,3.56621e+00,2.24674e-05,7.87272e-01
124,128,2.22446e-13,3.68125e+00,2.17653e-05,8.18880e-01
128,4,1.75568e-13,1.18750e-01,6.74724e-04,2.08486e-02
128,8,1.77255e-13,2.37500e-01,3.37362e-04,4.20981e-02
128,12,1.78943e-13,3.56250e-01,2.24908e-04,6.37483e-02
128,16,1.80630e-13,4.75000e-01,1.68681e-04,8.57992e-02
128,20,1.82318e-13,5.93750e-01,1.34945e-04,1.08251e-01
128,24,1.84005e-13,7.12500e-01,1.12454e-04,1.31104e-01
128,28,1.85693e-13,8.31250e-01,9.63891e-05,1.54357e-01
128,32,1.87380e-13,9.50000e-01,8.43405e-05,1.78011e-01
128,36,1.89068e-13,1.06875e+00,7.49693e-05,2.02066e-01
128,40,1.90755e-13,1.18750e+00,6.74724e-05,2.26522e-01
128,44,1.92443e-13,1.30625e+00,6.13385e-05,2.51378e-01
128,48,1.94130e-13,1.42500e+00,5.62270e-05,2.76635e-01
128,52,1.95818e-13,1.54375e+00,5.19018e-05,3.02293e-01
128,56,1.97505e-13,1.66250e+00,4.81946e-05,3.28352e-01
128,60,1.99193e-13,1.78125e+00,4.49816e-05,3.54812e-01
128,64,2.00880e-13,1.90000e+00,4.21702e-05,3.81672e-01
128,68,2.02568e-13,2.01875e+00,3.96896e-05,4.08933e-01
128,72,2.04255e-13,2.13750e+00,3.74847e-05,4.36595e-01
128,76,2.05943e-13,2.25625e+00,3.55118e-05,4.64658e-01
128,80,2.07630e-13,2.37500e+00,3.37362e-05,4.93121e-01
128,84,2.09318e-13,2.49375e+00,3.21297e-05,5.21986e-01
128,88,2.11005e-13,2.61250e+00,3.06693e-05,5.51251e-01
128,92,2.12693e-13,2.73125e+00,2.93358e-05,5.80916e-01
128,96,2.14380e-13,2.85000e+00,2.81135e-05,6.10983e-01
128,100,2.16068e-13,2.96875e+00,2.69890e-05,6.41450e-01
128,104,2.17755e-13,3.08750e+00,2.59509e-05,6.72319e-01
128,108,2.19443e-13,3.20625e+00,2.49898e-05,7.03588e-01
128,112,2.21130e-13,3.32500e+00,2.40973e-05,7.35257e-01
128,116,2.22818e-13,3.44375e+00,2.32663e-05,7.67328e-01
128,120,2.24505e-13,3.56250e+00,2.24908e-05,7.99799e-01
128,124,2.26193e-13,3.68125e+00,2.17653e-05,8.32671e-01
128,128,2.27880e-13,3.80000e+00,2.10851e-05,8.65944e-01
