ou_row,ou_col,Latency,Energy_per_Mac,TOPS,Power Density
4,4,5392.0,2.71875e-14,0.029296875,0.0007965087890625
4,8,5392.0,3.05859375e-14,0.05859375,0.0017921447753906248
4,12,5400.0,3.3984375e-14,0.087890625,0.002986907958984375
4,16,5408.0,3.73828125e-14,0.1171875,0.00438079833984375
4,20,5400.0,4.078125e-14,0.146484375,0.00597381591796875
4,24,5424.0,4.4179687500000003e-14,0.17578125,0.0077659606933593766
4,28,5432.0,4.7578125e-14,0.205078125,0.009757232666015626
4,32,5440.0,5.09765625e-14,0.234375,0.0119476318359375
4,36,5400.0,5.4375e-14,0.263671875,0.014337158203124999
4,40,5440.0,5.77734375e-14,0.29296875,0.016925811767578125
4,44,5456.0,6.1171875e-14,0.322265625,0.019713592529296876
4,48,5472.0,6.45703125e-14,0.3515625,0.02270050048828125
4,52,5408.0,6.796875e-14,0.380859375,0.025886535644531247
4,56,5488.0,7.13671875e-14,0.41015625,0.02927169799804687
4,60,5400.0,7.4765625e-14,0.439453125,0.032855987548828125
4,64,5504.0,7.81640625e-14,0.46875,0.036639404296875
4,68,5440.0,8.156250000000001e-14,0.498046875,0.04062194824218751
4,72,5472.0,8.496093750000001e-14,0.52734375,0.04480361938476563
4,76,5472.0,8.835937500000001e-14,0.556640625,0.04918441772460938
4,80,5440.0,9.17578125e-14,0.5859375,0.05376434326171875
4,84,5544.0,9.515625e-14,0.615234375,0.058543395996093754
4,88,5456.0,9.85546875e-14,0.64453125,0.06352157592773437
4,92,5520.0,1.01953125e-13,0.673828125,0.06869888305664062
4,96,5568.0,1.0535156249999999e-13,0.703125,0.07407531738281249
4,100,5400.0,1.0874999999999999e-13,0.732421875,0.07965087890625
4,104,5408.0,1.1214843750000001e-13,0.76171875,0.08542556762695314
4,108,5400.0,1.15546875e-13,0.791015625,0.09139938354492189
4,112,5600.0,1.189453125e-13,0.8203125,0.09757232666015626
4,116,5568.0,1.2234375e-13,0.849609375,0.10394439697265626
4,120,5520.0,1.257421875e-13,0.87890625,0.11051559448242188
4,124,5456.0,1.29140625e-13,0.908203125,0.11728591918945312
4,128,5632.0,1.325390625e-13,0.9375,0.12425537109375
8,4,4044.0,5.09765625e-14,0.05859375,0.002986907958984375
8,8,4056.0,5.4375e-14,0.1171875,0.0063720703125
8,12,4068.0,5.77734375e-14,0.17578125,0.010155487060546876
8,16,4080.0,6.1171875e-14,0.234375,0.014337158203124999
8,20,4080.0,6.45703125e-14,0.29296875,0.018917083740234375
8,24,4104.0,6.796875e-14,0.3515625,0.023895263671875
8,28,4116.0,7.13671875e-14,0.41015625,0.02927169799804687
8,32,4128.0,7.4765625e-14,0.46875,0.03504638671875
8,36,4104.0,7.81640625e-14,0.52734375,0.041219329833984374
8,40,4080.0,8.15625e-14,0.5859375,0.04779052734375
8,44,4092.0,8.496093750000001e-14,0.64453125,0.05475997924804688
8,48,4176.0,8.835937500000001e-14,0.703125,0.06212768554687501
8,52,4056.0,9.17578125e-14,0.76171875,0.06989364624023438
8,56,4200.0,9.515625e-14,0.8203125,0.078057861328125
8,60,4140.0,9.85546875e-14,0.87890625,0.08662033081054688
8,64,4224.0,1.01953125e-13,0.9375,0.0955810546875
8,68,4080.0,1.053515625e-13,0.99609375,0.10494003295898438
8,72,4104.0,1.0875e-13,1.0546875,0.11469726562499999
8,76,4104.0,1.121484375e-13,1.11328125,0.12485275268554688
8,80,4080.0,1.15546875e-13,1.171875,0.135406494140625
8,84,4284.0,1.189453125e-13,1.23046875,0.14635848999023438
8,88,4224.0,1.2234375e-13,1.2890625,0.157708740234375
8,92,4140.0,1.257421875e-13,1.34765625,0.1694572448730469
8,96,4320.0,1.29140625e-13,1.40625,0.18160400390625
8,100,4200.0,1.325390625e-13,1.46484375,0.19414901733398438
8,104,4056.0,1.359375e-13,1.5234375,0.20709228515624997
8,108,4212.0,1.3933593750000002e-13,1.58203125,0.2204338073730469
8,112,4368.0,1.42734375e-13,1.640625,0.23417358398437496
8,116,4176.0,1.461328125e-13,1.69921875,0.2483116149902344
8,120,4320.0,1.4953125e-13,1.7578125,0.262847900390625
8,124,4092.0,1.529296875e-13,1.81640625,0.2777824401855469
8,128,4224.0,1.56328125e-13,1.875,0.293115234375
12,4,3226.4662506490404,7.476562499999999e-14,0.087890625,0.006571197509765625
12,8,3240.806100651925,7.816406249999999e-14,0.17578125,0.013739776611328124
12,12,3226.4662506490404,8.15625e-14,0.263671875,0.021505737304687498
12,16,3269.485800657694,8.49609375e-14,0.3515625,0.02986907958984375
12,20,3226.4662506490404,8.8359375e-14,0.439453125,0.038829803466796875
12,24,3269.485800657694,9.175781249999999e-14,0.52734375,0.04838790893554687
12,28,3312.5053506663485,9.515625e-14,0.615234375,0.058543395996093754
12,32,3326.845200669233,9.85546875e-14,0.703125,0.0692962646484375
12,36,3226.4662506490404,1.01953125e-13,0.791015625,0.08064651489257812
12,40,3298.1655006634633,1.0535156249999999e-13,0.87890625,0.09259414672851562
12,44,3312.5053506663485,1.0874999999999999e-13,0.966796875,0.10513916015625
12,48,3269.485800657694,1.1214843749999999e-13,1.0546875,0.11828155517578123
12,52,3355.524900675002,1.15546875e-13,1.142578125,0.13202133178710937
12,56,3412.884300686541,1.1894531249999998e-13,1.23046875,0.14635848999023435
12,60,3226.4662506490404,1.2234375e-13,1.318359375,0.16129302978515625
12,64,3441.56400069231,1.257421875e-13,1.40625,0.17682495117187502
12,68,3412.8843006865404,1.29140625e-13,1.494140625,0.1929542541503906
12,72,3355.524900675002,1.325390625e-13,1.58203125,0.20968093872070312
12,76,3269.485800657694,1.359375e-13,1.669921875,0.2270050048828125
12,80,3441.5640006923095,1.393359375e-13,1.7578125,0.24492645263671875
12,84,3312.505350666348,1.42734375e-13,1.845703125,0.26344528198242184
12,88,3470.243700698079,1.461328125e-13,1.93359375,0.2825614929199219
12,92,3298.1655006634633,1.4953124999999998e-13,2.021484375,0.3022750854492187
12,96,3441.56400069231,1.529296875e-13,2.109375,0.3225860595703125
12,100,3226.466250649041,1.5632812499999998e-13,2.197265625,0.34349441528320307
12,104,3355.524900675002,1.597265625e-13,2.28515625,0.36500015258789065
12,108,3484.5835507009638,1.63125e-13,2.373046875,0.387103271484375
12,112,3613.6422007269257,1.665234375e-13,2.4609375,0.4098037719726562
12,116,3326.845200669233,1.69921875e-13,2.548828125,0.4331016540527343
12,120,3441.56400069231,1.733203125e-13,2.63671875,0.4569969177246094
12,124,3556.2828007153867,1.7671875000000001e-13,2.724609375,0.48148956298828127
12,128,3671.001600738464,1.8011718749999999e-13,2.8125,0.50657958984375
16,4,2704.0,9.85546875e-14,0.1171875,0.01154937744140625
16,8,2720.0,1.01953125e-13,0.234375,0.023895263671875
16,12,2736.0,1.053515625e-13,0.3515625,0.03703765869140625
16,16,2752.0,1.0875e-13,0.46875,0.0509765625
16,20,2720.0,1.121484375e-13,0.5859375,0.06571197509765625
16,24,2784.0,1.15546875e-13,0.703125,0.08124389648437501
16,28,2800.0,1.189453125e-13,0.8203125,0.09757232666015626
16,32,2816.0,1.2234375e-13,0.9375,0.11469726562499999
16,36,2736.0,1.257421875e-13,1.0546875,0.13261871337890624
16,40,2720.0,1.29140625e-13,1.171875,0.151336669921875
16,44,2816.0,1.325390625e-13,1.2890625,0.17085113525390624
16,48,2880.0,1.359375e-13,1.40625,0.191162109375
16,52,2704.0,1.3933593750000002e-13,1.5234375,0.21226959228515627
16,56,2912.0,1.42734375e-13,1.640625,0.23417358398437496
16,60,2880.0,1.461328125e-13,1.7578125,0.25687408447265625
16,64,2816.0,1.4953125e-13,1.875,0.28037109375
16,68,2720.0,1.529296875e-13,1.9921875,0.3046646118164063
16,72,2880.0,1.56328125e-13,2.109375,0.329754638671875
16,76,2736.0,1.597265625e-13,2.2265625,0.3556411743164063
16,80,2880.0,1.63125e-13,2.34375,0.38232421875
16,84,3024.0,1.665234375e-13,2.4609375,0.4098037719726562
16,88,2816.0,1.6992187500000002e-13,2.578125,0.43807983398437506
16,92,2944.0,1.733203125e-13,2.6953125,0.4671524047851562
16,96,3072.0,1.7671875000000001e-13,2.8125,0.4970214843750001
16,100,2800.0,1.8011718749999999e-13,2.9296875,0.5276870727539062
16,104,2912.0,1.83515625e-13,3.046875,0.559149169921875
16,108,3024.0,1.869140625e-13,3.1640625,0.5914077758789062
16,112,3136.0,1.903125e-13,3.28125,0.624462890625
16,116,2784.0,1.937109375e-13,3.3984375,0.6583145141601563
16,120,2880.0,1.97109375e-13,3.515625,0.692962646484375
16,124,2976.0,2.0050781250000002e-13,3.6328125,0.7284072875976564
16,128,3072.0,2.0390625e-13,3.75,0.7646484375
20,4,2333.8411712391758,1.2234375e-13,0.146484375,0.01792144775390625
20,8,2351.1288836187255,1.257421875e-13,0.29296875,0.036838531494140625
20,12,2333.8411712391758,1.29140625e-13,0.439453125,0.056751251220703125
20,16,2351.1288836187255,1.325390625e-13,0.5859375,0.07765960693359375
20,20,2333.8411712391758,1.359375e-13,0.732421875,0.0995635986328125
20,24,2385.7043083778244,1.3933593750000002e-13,0.87890625,0.1224632263183594
20,28,2420.279733136923,1.4273437500000002e-13,1.025390625,0.14635848999023438
20,32,2351.1288836187255,1.461328125e-13,1.171875,0.1712493896484375
20,36,2333.8411712391758,1.4953125e-13,1.318359375,0.19713592529296875
20,40,2420.279733136923,1.529296875e-13,1.46484375,0.22401809692382815
20,44,2472.142870275571,1.56328125e-13,1.611328125,0.2518959045410156
20,48,2489.430582655121,1.597265625e-13,1.7578125,0.28076934814453125
20,52,2472.1428702755716,1.6312500000000002e-13,1.904296875,0.31063842773437506
20,56,2420.279733136923,1.665234375e-13,2.05078125,0.3415031433105469
20,60,2333.8411712391758,1.6992187500000002e-13,2.197265625,0.37336349487304693
20,64,2489.430582655121,1.7332031250000002e-13,2.34375,0.406219482421875
20,68,2351.1288836187255,1.7671875000000001e-13,2.490234375,0.4400711059570313
20,72,2489.430582655121,1.801171875e-13,2.63671875,0.4749183654785156
20,76,2627.7322816915166,1.83515625e-13,2.783203125,0.5107612609863281
20,80,2420.279733136923,1.869140625e-13,2.9296875,0.5475997924804688
20,84,2541.2937197937695,1.903125e-13,3.076171875,0.5854339599609375
20,88,2662.307706450615,1.9371093750000003e-13,3.22265625,0.6242637634277344
20,92,2385.7043083778244,1.97109375e-13,3.369140625,0.6640892028808594
20,96,2489.430582655121,2.0050781250000002e-13,3.515625,0.7049102783203126
20,100,2593.1568569324177,2.0390625e-13,3.662109375,0.7467269897460938
20,104,2696.8831312097145,2.0730468750000002e-13,3.80859375,0.7895393371582031
20,108,2333.8411712391758,2.10703125e-13,3.955078125,0.8333473205566406
20,112,2420.279733136923,2.141015625e-13,4.1015625,0.8781509399414062
20,116,2506.71829503467,2.175e-13,4.248046875,0.9239501953125
20,120,2593.156856932417,2.208984375e-13,4.39453125,0.9707450866699219
20,124,2679.595418830165,2.2429687500000003e-13,4.541015625,1.0185356140136719
20,128,2766.033980727912,2.276953125e-13,4.6875,1.06732177734375
24,4,2072.4030503259623,1.4613281249999999e-13,0.17578125,0.025687408447265622
24,8,2090.742900328847,1.4953124999999998e-13,0.3515625,0.052569580078125
24,12,2090.742900328847,1.5292968749999998e-13,0.52734375,0.08064651489257811
24,16,2127.4226003346166,1.5632812499999998e-13,0.703125,0.10991821289062499
24,20,2109.0827503317314,1.597265625e-13,0.87890625,0.14038467407226562
24,24,2090.742900328847,1.63125e-13,1.0546875,0.17204589843749998
24,28,2182.4421503432704,1.665234375e-13,1.23046875,0.2049018859863281
24,32,2200.7820003461547,1.69921875e-13,1.40625,0.23895263671875
24,36,2145.762450337501,1.733203125e-13,1.58203125,0.2741981506347656
24,40,2200.7820003461547,1.7671875e-13,1.7578125,0.310638427734375
24,44,2219.1218503490395,1.8011718749999999e-13,1.93359375,0.3482734680175781
24,48,2200.7820003461547,1.8351562499999998e-13,2.109375,0.38710327148437496
24,52,2145.762450337501,1.8691406249999998e-13,2.28515625,0.42712783813476557
24,56,2310.821100363463,1.903125e-13,2.4609375,0.46834716796875003
24,60,2200.7820003461547,1.937109375e-13,2.63671875,0.5107612609863281
24,64,2347.500800369232,1.97109375e-13,2.8125,0.5543701171875
24,68,2182.4421503432704,2.005078125e-13,2.98828125,0.5991737365722657
24,72,2310.8211003634624,2.0390625e-13,3.1640625,0.645172119140625
24,76,2090.742900328847,2.073046875e-13,3.33984375,0.6923652648925781
24,80,2200.7820003461547,2.1070312499999999e-13,3.515625,0.740753173828125
24,84,2310.8211003634624,2.141015625e-13,3.69140625,0.7903358459472656
24,88,2420.8602003807705,2.1749999999999998e-13,3.8671875,0.84111328125
24,92,2109.082750331732,2.208984375e-13,4.04296875,0.8930854797363281
24,96,2200.7820003461547,2.2429687499999998e-13,4.21875,0.9462524414062499
24,100,2292.481250360578,2.276953125e-13,4.39453125,1.0006141662597656
24,104,2384.180500375001,2.3109375e-13,4.5703125,1.056170654296875
24,108,2475.8797503894243,2.344921875e-13,4.74609375,1.112921905517578
24,112,2567.5790004038477,2.3789062499999997e-13,4.921875,1.1708679199218748
24,116,2127.4226003346166,2.412890625e-13,5.09765625,1.2300086975097655
24,120,2200.7820003461547,2.446875e-13,5.2734375,1.29034423828125
24,124,2274.1414003576933,2.480859375e-13,5.44921875,1.351874542236328
24,128,2347.500800369232,2.51484375e-13,5.625,1.4145996093750002
28,4,1865.2537097583502,1.69921875e-13,0.205078125,0.034847259521484375
28,8,1884.4831294465807,1.733203125e-13,0.41015625,0.07108840942382812
28,12,1903.712549134811,1.7671875e-13,0.615234375,0.10872344970703125
28,16,1922.9419688230414,1.8011718749999999e-13,0.8203125,0.14775238037109373
28,20,1922.9419688230416,1.83515625e-13,1.025390625,0.18817520141601565
28,24,1961.4008081995023,1.869140625e-13,1.23046875,0.2299919128417969
28,28,1884.4831294465805,1.903125e-13,1.435546875,0.2732025146484375
28,32,1999.8596475759632,1.937109375e-13,1.640625,0.3178070068359375
28,36,1903.712549134811,1.97109375e-13,1.845703125,0.36380538940429685
28,40,1922.9419688230416,2.005078125e-13,2.05078125,0.41119766235351557
28,44,1903.712549134811,2.0390625e-13,2.255859375,0.4599838256835937
28,48,2076.777326328885,2.073046875e-13,2.4609375,0.5101638793945312
28,52,1999.8596475759632,2.1070312499999999e-13,2.666015625,0.5617378234863281
28,56,1884.4831294465805,2.141015625e-13,2.87109375,0.6147056579589844
28,60,2019.0890672641938,2.175e-13,3.076171875,0.6690673828125
28,64,2153.6950050818064,2.208984375e-13,3.28125,0.7248229980468751
28,68,1961.400808199502,2.24296875e-13,3.486328125,0.7819725036621094
28,72,2076.777326328885,2.276953125e-13,3.69140625,0.8405158996582032
28,76,2192.1538444582675,2.3109375e-13,3.896484375,0.9004531860351563
28,80,1922.9419688230416,2.344921875e-13,4.1015625,0.9617843627929689
28,84,2019.0890672641935,2.37890625e-13,4.306640625,1.0245094299316406
28,88,2115.2361657053457,2.412890625e-13,4.51171875,1.0886283874511717
28,92,2211.383264146498,2.446875e-13,4.716796875,1.1541412353515625
28,96,2307.53036258765,2.480859375e-13,4.921875,1.2210479736328124
28,100,1922.9419688230414,2.51484375e-13,5.126953125,1.2893486022949219
28,104,1999.8596475759632,2.5488281250000003e-13,5.33203125,1.3590431213378906
28,108,2076.777326328885,2.5828125e-13,5.537109375,1.4301315307617188
28,112,2153.6950050818064,2.6167968749999997e-13,5.7421875,1.502613830566406
28,116,2230.612683834728,2.65078125e-13,5.947265625,1.576490020751953
28,120,2307.53036258765,2.684765625e-13,6.15234375,1.6517601013183596
28,124,2384.4480413405713,2.71875e-13,6.357421875,1.728424072265625
28,128,2461.365720093493,2.752734375e-13,6.5625,1.80648193359375
32,4,1700.0,1.937109375e-13,0.234375,0.0454010009765625
32,8,1720.0,1.97109375e-13,0.46875,0.09239501953125
32,12,1740.0,2.005078125e-13,0.703125,0.1409820556640625
32,16,1760.0,2.0390625e-13,0.9375,0.191162109375
32,20,1700.0,2.0730468750000002e-13,1.171875,0.2429351806640625
32,24,1800.0,2.10703125e-13,1.40625,0.29630126953125
32,28,1820.0,2.141015625e-13,1.640625,0.3512603759765625
32,32,1760.0,2.175e-13,1.875,0.4078125
32,36,1800.0,2.208984375e-13,2.109375,0.46595764160156244
32,40,1800.0,2.24296875e-13,2.34375,0.52569580078125
32,44,1760.0,2.276953125e-13,2.578125,0.5870269775390625
32,48,1920.0,2.3109375e-13,2.8125,0.6499511718750001
32,52,1820.0,2.344921875e-13,3.046875,0.7144683837890624
32,56,1960.0,2.37890625e-13,3.28125,0.7805786132812501
32,60,1800.0,2.412890625e-13,3.515625,0.8482818603515625
32,64,1920.0,2.446875e-13,3.75,0.9175781249999999
32,68,1700.0,2.480859375e-13,3.984375,0.9884674072265625
32,72,1800.0,2.51484375e-13,4.21875,1.06094970703125
32,76,1900.0,2.5488281250000003e-13,4.453125,1.1350250244140627
32,80,2000.0,2.5828125e-13,4.6875,1.210693359375
32,84,2100.0,2.616796875e-13,4.921875,1.2879547119140626
32,88,1760.0,2.65078125e-13,5.15625,1.36680908203125
32,92,1840.0,2.684765625e-13,5.390625,1.4472564697265626
32,96,1920.0,2.71875e-13,5.625,1.529296875
32,100,2000.0,2.752734375e-13,5.859375,1.6129302978515625
32,104,2080.0,2.7867187500000004e-13,6.09375,1.6981567382812501
32,108,2160.0,2.820703125e-13,6.328125,1.7849761962890625
32,112,2240.0,2.8546875e-13,6.5625,1.8733886718749997
32,116,1740.0,2.888671875e-13,6.796875,1.9633941650390625
32,120,1800.0,2.92265625e-13,7.03125,2.05499267578125
32,124,1860.0,2.956640625e-13,7.265625,2.1481842041015624
32,128,1920.0,2.990625e-13,7.5,2.24296875
36,4,1550.9775004326937,2.175e-13,0.263671875,0.057348632812499994
36,8,1571.657200438463,2.208984375e-13,0.52734375,0.11648941040039061
36,12,1550.9775004326937,2.24296875e-13,0.791015625,0.1774223327636719
36,16,1571.657200438463,2.276953125e-13,1.0546875,0.24014739990234377
36,20,1550.9775004326937,2.3109375e-13,1.318359375,0.3046646118164063
36,24,1613.0166004500013,2.344921875e-13,1.58203125,0.37097396850585934
36,28,1592.3369004442322,2.37890625e-13,1.845703125,0.4390754699707031
36,32,1654.37600046154,2.412890625e-13,2.109375,0.5089691162109375
36,36,1675.055700467309,2.446875e-13,2.373046875,0.5806549072265625
36,40,1654.37600046154,2.480859375e-13,2.63671875,0.6541328430175781
36,44,1592.3369004442322,2.51484375e-13,2.900390625,0.7294029235839844
36,48,1737.0948004846168,2.5488281250000003e-13,3.1640625,0.8064651489257812
36,52,1613.0166004500013,2.5828125e-13,3.427734375,0.8853195190429688
36,56,1737.094800484617,2.616796875e-13,3.69140625,0.965966033935547
36,60,1550.9775004326937,2.65078125e-13,3.955078125,1.0484046936035156
36,64,1654.37600046154,2.684765625e-13,4.21875,1.1326354980468751
36,68,1757.7745004903861,2.71875e-13,4.482421875,1.218658447265625
36,72,1861.1730005192321,2.752734375e-13,4.74609375,1.3064735412597657
36,76,1571.657200438463,2.7867187500000004e-13,5.009765625,1.396080780029297
36,80,1654.37600046154,2.820703125e-13,5.2734375,1.4874801635742188
36,84,1737.0948004846168,2.8546875000000003e-13,5.537109375,1.5806716918945314
36,88,1819.813600507694,2.888671875e-13,5.80078125,1.6756553649902344
36,92,1902.532400530771,2.92265625e-13,6.064453125,1.7724311828613282
36,96,1985.2512005538479,2.956640625e-13,6.328125,1.8709991455078125
36,100,1550.977500432694,2.990625e-13,6.591796875,1.9713592529296877
36,104,1613.0166004500013,3.0246093750000004e-13,6.85546875,2.0735115051269535
36,108,1675.0557004673092,3.05859375e-13,7.119140625,2.1774559020996094
36,112,1737.094800484617,3.092578125e-13,7.3828125,2.283192443847656
36,116,1799.1339005019245,3.1265625e-13,7.646484375,2.3907211303710936
36,120,1861.1730005192326,3.1605468750000003e-13,7.91015625,2.500041961669922
36,124,1923.21210053654,3.19453125e-13,8.173828125,2.6111549377441405
36,128,1985.2512005538479,3.2285156250000003e-13,8.4375,2.7240600585937504
40,4,1447.5644418093627,2.4128906250000004e-13,0.29296875,0.07069015502929689
40,8,1447.5644418093627,2.446875e-13,0.5859375,0.14337158203125
40,12,1468.8521541889122,2.4808593750000003e-13,0.87890625,0.2180442810058594
40,16,1447.5644418093627,2.51484375e-13,1.171875,0.294708251953125
40,20,1490.1398665684615,2.5488281250000003e-13,1.46484375,0.37336349487304693
40,24,1532.7152913275604,2.5828125e-13,1.7578125,0.454010009765625
40,28,1490.1398665684615,2.616796875e-13,2.05078125,0.5366477966308594
40,32,1532.7152913275604,2.65078125e-13,2.34375,0.62127685546875
40,36,1532.7152913275604,2.684765625e-13,2.63671875,0.7078971862792969
40,40,1490.1398665684615,2.71875e-13,2.9296875,0.7965087890625
40,44,1639.1538532253076,2.752734375e-13,3.22265625,0.8871116638183594
40,48,1532.7152913275604,2.7867187500000004e-13,3.515625,0.9797058105468752
40,52,1660.441565604857,2.820703125e-13,3.80859375,1.0742912292480469
40,56,1490.1398665684615,2.8546875000000003e-13,4.1015625,1.170867919921875
40,60,1596.5784284662086,2.888671875e-13,4.39453125,1.2694358825683594
40,64,1703.016990363956,2.92265625e-13,4.6875,1.3699951171875
40,68,1447.5644418093627,2.956640625e-13,4.98046875,1.4725456237792969
40,72,1532.7152913275604,2.990625e-13,5.2734375,1.57708740234375
40,76,1617.8661408457583,3.0246093750000004e-13,5.56640625,1.6836204528808596
40,80,1703.016990363956,3.05859375e-13,5.859375,1.7921447753906252
40,84,1788.1678398821539,3.0925781250000004e-13,6.15234375,1.902660369873047
40,88,1873.3186894003516,3.1265625e-13,6.4453125,2.015167236328125
40,92,1468.8521541889122,3.1605468750000003e-13,6.73828125,2.12966537475586
40,96,1532.7152913275604,3.19453125e-13,7.03125,2.24615478515625
40,100,1596.578428466209,3.2285156250000003e-13,7.32421875,2.364635467529297
40,104,1660.441565604857,3.2625000000000005e-13,7.6171875,2.4851074218750004
40,108,1724.3047027435055,3.296484375e-13,7.91015625,2.6075706481933594
40,112,1788.1678398821539,3.33046875e-13,8.203125,2.732025146484375
40,116,1852.0309770208023,3.364453125e-13,8.49609375,2.8584709167480473
40,120,1915.8941141594505,3.3984375000000004e-13,8.7890625,2.9869079589843754
40,124,1979.7572512980987,3.432421875e-13,9.08203125,3.1173362731933594
40,128,2043.6203884367474,3.4664062500000003e-13,9.375,3.249755859375
44,4,1353.9390414220497,2.6507812500000005e-13,0.322265625,0.08542556762695314
44,8,1353.9390414220497,2.684765625e-13,0.64453125,0.17304153442382814
44,12,1375.776767896599,2.7187500000000004e-13,0.966796875,0.262847900390625
44,16,1397.614494371148,2.752734375e-13,1.2890625,0.3548446655273438
44,20,1419.4522208456972,2.7867187500000004e-13,1.611328125,0.44903182983398443
44,24,1441.2899473202465,2.820703125e-13,1.93359375,0.5454093933105469
44,28,1375.776767896599,2.8546875000000003e-13,2.255859375,0.6439773559570313
44,32,1397.614494371148,2.888671875e-13,2.578125,0.7447357177734375
44,36,1375.7767678965988,2.92265625e-13,2.900390625,0.8476844787597657
44,40,1528.6408532184432,2.956640625e-13,3.22265625,0.9528236389160155
44,44,1441.2899473202465,2.990625e-13,3.544921875,1.0601531982421877
44,48,1572.3163061675418,3.0246093750000004e-13,3.8671875,1.1696731567382814
44,52,1419.4522208456974,3.05859375e-13,4.189453125,1.2813835144042969
44,56,1528.6408532184432,3.0925781250000004e-13,4.51171875,1.3952842712402347
44,60,1637.8294855911893,3.1265625e-13,4.833984375,1.5113754272460938
44,64,1397.614494371148,3.1605468750000003e-13,5.15625,1.6296569824218752
44,68,1484.9654002693449,3.19453125e-13,5.478515625,1.750128936767578
44,72,1572.3163061675416,3.2285156250000003e-13,5.80078125,1.8727912902832031
44,76,1659.6672120657383,3.2625000000000005e-13,6.123046875,1.99764404296875
44,80,1747.018117963935,3.296484375e-13,6.4453125,2.1246871948242188
44,84,1375.7767678965988,3.3304687500000004e-13,6.767578125,2.2539207458496096
44,88,1441.2899473202465,3.364453125e-13,7.08984375,2.3853446960449216
44,92,1506.803126743894,3.3984375000000004e-13,7.412109375,2.5189590454101562
44,96,1572.3163061675418,3.432421875e-13,7.734375,2.6547637939453126
44,100,1637.8294855911893,3.4664062500000003e-13,8.056640625,2.792758941650391
44,104,1703.3426650148367,3.5003906250000006e-13,8.37890625,2.932944488525391
44,108,1768.8558444384844,3.5343750000000003e-13,8.701171875,3.0753204345703127
44,112,1834.369023862132,3.568359375e-13,9.0234375,3.2198867797851562
44,116,1899.8822032857795,3.60234375e-13,9.345703125,3.366643524169922
44,120,1965.395382709427,3.6363281250000004e-13,9.66796875,3.51559066772461
44,124,1353.9390414220497,3.6703125e-13,9.990234375,3.666728210449219
44,128,1397.614494371148,3.7042968750000004e-13,10.3125,3.8200561523437506
48,4,1273.3714501644235,2.888671875e-13,0.3515625,0.10155487060546875
48,8,1295.7113001673083,2.9226562499999997e-13,0.703125,0.20549926757812498
48,12,1273.3714501644238,2.956640625e-13,1.0546875,0.31183319091796874
48,16,1340.3910001730774,2.9906249999999997e-13,1.40625,0.420556640625
48,20,1340.3910001730774,3.024609375e-13,1.7578125,0.5316696166992188
48,24,1340.3910001730776,3.0585937499999996e-13,2.109375,0.6451721191406249
48,28,1407.4105501817314,3.092578125e-13,2.4609375,0.7610641479492187
48,32,1429.750400184616,3.1265624999999996e-13,2.8125,0.8793457031249999
48,36,1407.4105501817312,3.160546875e-13,3.1640625,1.0000167846679686
48,40,1340.3910001730774,3.19453125e-13,3.515625,1.123077392578125
48,44,1474.4301001903852,3.228515625e-13,3.8671875,1.2485275268554685
48,48,1340.3910001730776,3.2625e-13,4.21875,1.3763671874999999
48,52,1452.0902501875005,3.2964843749999997e-13,4.5703125,1.5065963745117186
48,56,1563.7895002019238,3.33046875e-13,4.921875,1.6392150878906249
48,60,1340.3910001730774,3.3644531249999997e-13,5.2734375,1.7742233276367185
48,64,1429.750400184616,3.3984375e-13,5.625,1.91162109375
48,68,1519.1098001961545,3.432421875e-13,5.9765625,2.051408386230469
48,72,1608.469200207693,3.46640625e-13,6.328125,2.193585205078125
48,76,1273.3714501644235,3.5003906249999995e-13,6.6796875,2.3381515502929684
48,80,1340.3910001730774,3.534375e-13,7.03125,2.485107421875
48,84,1407.4105501817312,3.568359375e-13,7.3828125,2.6344528198242188
48,88,1474.4301001903852,3.6023437499999997e-13,7.734375,2.7861877441406246
48,92,1541.4496501990393,3.636328125e-13,8.0859375,2.9403121948242186
48,96,1608.4692002076931,3.6703124999999997e-13,8.4375,3.0968261718749996
48,100,1675.4887502163467,3.704296875e-13,8.7890625,3.2557296752929688
48,104,1742.5083002250008,3.7382812499999996e-13,9.140625,3.4170227050781246
48,108,1809.5278502336546,3.772265625e-13,9.4921875,3.5807052612304684
48,112,1876.5474002423084,3.80625e-13,9.84375,3.7467773437500003
48,116,1295.7113001673083,3.840234375e-13,10.1953125,3.915238952636718
48,120,1340.3910001730774,3.87421875e-13,10.546875,4.086090087890625
48,124,1385.0707001788467,3.9082031249999997e-13,10.8984375,4.259330749511719
48,128,1429.750400184616,3.9421875e-13,11.25,4.4349609375
52,4,1185.691461373347,3.1265625e-13,0.380859375,0.11907806396484374
52,8,1185.691461373347,3.160546875e-13,0.76171875,0.24074478149414058
52,12,1231.2949791184758,3.19453125e-13,1.142578125,0.36500015258789065
52,16,1185.691461373347,3.228515625e-13,1.5234375,0.4918441772460937
52,20,1254.09673799104,3.2625e-13,1.904296875,0.62127685546875
52,24,1231.2949791184758,3.2964843749999997e-13,2.28515625,0.7532981872558593
52,28,1276.8984968636046,3.33046875e-13,2.666015625,0.8879081726074218
52,32,1276.8984968636046,3.3644531249999997e-13,3.046875,1.0251068115234374
52,36,1231.2949791184758,3.3984375e-13,3.427734375,1.1648941040039062
52,40,1368.105532353862,3.432421875e-13,3.80859375,1.3072700500488283
52,44,1254.09673799104,3.46640625e-13,4.189453125,1.452234649658203
52,48,1368.1055323538621,3.500390625e-13,4.5703125,1.5997879028320314
52,52,1185.691461373347,3.534375e-13,4.951171875,1.7499298095703124
52,56,1276.8984968636046,3.568359375e-13,5.33203125,1.902660369873047
52,60,1368.105532353862,3.6023437499999997e-13,5.712890625,2.057979583740234
52,64,1459.3125678441195,3.636328125e-13,6.09375,2.215887451171875
52,68,1550.519603334377,3.6703125e-13,6.474609375,2.376383972167969
52,72,1231.2949791184758,3.704296875e-13,6.85546875,2.5394691467285155
52,76,1299.7002557361689,3.7382812499999996e-13,7.236328125,2.705142974853515
52,80,1368.105532353862,3.772265625e-13,7.6171875,2.8734054565429683
52,84,1436.5108089715552,3.80625e-13,7.998046875,3.0442565917968754
52,88,1504.9160855892483,3.840234375e-13,8.37890625,3.217696380615234
52,92,1573.3213622069413,3.87421875e-13,8.759765625,3.393724822998047
52,96,1641.7266388246344,3.9082031249999997e-13,9.140625,3.572341918945312
52,100,1710.1319154423277,3.9421875e-13,9.521484375,3.7535476684570312
52,104,1185.691461373347,3.9761718749999997e-13,9.90234375,3.937342071533203
52,108,1231.2949791184758,4.01015625e-13,10.283203125,4.123725128173827
52,112,1276.8984968636046,4.044140625e-13,10.6640625,4.312696838378907
52,116,1322.5020146087334,4.078125e-13,11.044921875,4.5042572021484375
52,120,1368.105532353862,4.112109375e-13,11.42578125,4.698406219482422
52,124,1413.7090500989907,4.14609375e-13,11.806640625,4.895143890380859
52,128,1459.3125678441195,4.180078125e-13,12.1875,5.09447021484375
56,4,1138.2415647232904,3.364453125e-13,0.41015625,0.13799514770507815
56,8,1161.4709844115207,3.3984375e-13,0.8203125,0.278778076171875
56,12,1184.700404099751,3.432421875e-13,1.23046875,0.42234878540039067
56,16,1207.9298237879816,3.46640625e-13,1.640625,0.5687072753906249
56,20,1161.470984411521,3.500390625e-13,2.05078125,0.7178535461425781
56,24,1254.3886631644423,3.534375e-13,2.4609375,0.86978759765625
56,28,1138.2415647232904,3.568359375e-13,2.87109375,1.0245094299316406
56,32,1300.8475025409032,3.6023437499999997e-13,3.28125,1.1820190429687498
56,36,1254.3886631644425,3.636328125e-13,3.69140625,1.3423164367675782
56,40,1161.470984411521,3.6703125e-13,4.1015625,1.5054016113281252
56,44,1277.6180828526728,3.704296875e-13,4.51171875,1.6712745666503908
56,48,1393.7651812938248,3.73828125e-13,4.921875,1.8399353027343752
56,52,1207.9298237879816,3.772265625e-13,5.33203125,2.011383819580078
56,56,1300.8475025409032,3.80625e-13,5.7421875,2.1856201171875
56,60,1393.765181293825,3.840234375e-13,6.15234375,2.36264419555664
56,64,1486.6828600467466,3.87421875e-13,6.5625,2.5424560546875
56,68,1184.700404099751,3.908203125e-13,6.97265625,2.7250556945800786
56,72,1254.3886631644425,3.9421875e-13,7.3828125,2.910443115234375
56,76,1324.0769222291337,3.9761718749999997e-13,7.79296875,3.0986183166503904
56,80,1393.765181293825,4.01015625e-13,8.203125,3.2895812988281246
56,84,1463.4534403585162,4.044140625e-13,8.61328125,3.4833320617675785
56,88,1533.1416994232072,4.078125e-13,9.0234375,3.6798706054687496
56,92,1602.8299584878987,4.112109375e-13,9.43359375,3.879196929931641
56,96,1672.5182175525897,4.14609375e-13,9.84375,4.08131103515625
56,100,1161.4709844115207,4.180078125e-13,10.25390625,4.286212921142578
56,104,1207.9298237879816,4.2140624999999997e-13,10.6640625,4.4939025878906245
56,108,1254.3886631644425,4.248046875e-13,11.07421875,4.704380035400391
56,112,1300.8475025409032,4.28203125e-13,11.484375,4.917645263671875
56,116,1347.306341917364,4.316015625e-13,11.89453125,5.133698272705078
56,120,1393.765181293825,4.35e-13,12.3046875,5.3525390625
56,124,1440.2240206702857,4.383984375e-13,12.71484375,5.574167633056641
56,128,1486.6828600467466,4.41796875e-13,13.125,5.798583984375001
60,4,1063.2403072095333,3.60234375e-13,0.439453125,0.15830612182617188
60,8,1086.8678695919675,3.636328125e-13,0.87890625,0.3195991516113281
60,12,1063.2403072095333,3.6703125e-13,1.318359375,0.48387908935546875
60,16,1134.1229943568355,3.704296875e-13,1.7578125,0.6511459350585938
60,20,1063.2403072095335,3.73828125e-13,2.197265625,0.8213996887207031
60,24,1134.1229943568355,3.772265625e-13,2.63671875,0.9946403503417968
60,28,1157.7505567392698,3.80625e-13,3.076171875,1.170867919921875
60,32,1134.1229943568355,3.840234375e-13,3.515625,1.3500823974609375
60,36,1063.2403072095333,3.87421875e-13,3.955078125,1.5322837829589844
60,40,1181.3781191217038,3.908203125e-13,4.39453125,1.7174720764160158
60,44,1299.515931033874,3.9421875e-13,4.833984375,1.905647277832031
60,48,1134.1229943568355,3.976171875e-13,5.2734375,2.0968093872070312
60,52,1228.6332438865718,4.01015625e-13,5.712890625,2.2909584045410156
60,56,1323.1434934163083,4.044140625e-13,6.15234375,2.4880943298339844
60,60,1063.2403072095335,4.078125e-13,6.591796875,2.6882171630859375
60,64,1134.1229943568355,4.112109375e-13,7.03125,2.891326904296875
60,68,1205.0056815041378,4.1460937500000003e-13,7.470703125,3.0974235534667973
60,72,1275.88836865144,4.180078125e-13,7.91015625,3.306507110595703
60,76,1346.7710557987423,4.2140624999999997e-13,8.349609375,3.5185775756835938
60,80,1417.6537429460445,4.248046875e-13,8.7890625,3.7336349487304688
60,84,1488.5364300933468,4.28203125e-13,9.228515625,3.9516792297363286
60,88,1559.419117240649,4.316015625e-13,9.66796875,4.172710418701172
60,92,1086.8678695919675,4.35e-13,10.107421875,4.396728515625
60,96,1134.1229943568355,4.383984375e-13,10.546875,4.6237335205078125
60,100,1181.3781191217038,4.41796875e-13,10.986328125,4.853725433349609
60,104,1228.6332438865718,4.451953125e-13,11.42578125,5.086704254150391
60,108,1275.88836865144,4.4859375e-13,11.865234375,5.322669982910156
60,112,1323.1434934163083,4.5199218750000003e-13,12.3046875,5.561622619628906
60,116,1370.3986181811763,4.55390625e-13,12.744140625,5.803562164306641
60,120,1417.6537429460445,4.587890625e-13,13.18359375,6.0484886169433585
60,124,1464.9088677109125,4.621875e-13,13.623046875,6.296401977539063
60,128,1512.1639924757808,4.655859375e-13,14.0625,6.547302246093751
64,4,1032.0,3.8402343750000003e-13,0.46875,0.180010986328125
64,8,1056.0,3.87421875e-13,0.9375,0.3632080078125
64,12,1080.0,3.908203125e-13,1.40625,0.5495910644531251
64,16,1056.0,3.9421875e-13,1.875,0.73916015625
64,20,1080.0,3.976171875e-13,2.34375,0.9319152832031251
64,24,1152.0,4.01015625e-13,2.8125,1.1278564453125
64,28,1176.0,4.044140625e-13,3.28125,1.3269836425781252
64,32,1152.0,4.078125e-13,3.75,1.529296875
64,36,1080.0,4.112109375e-13,4.21875,1.734796142578125
64,40,1200.0,4.1460937500000003e-13,4.6875,1.9434814453125
64,44,1056.0,4.180078125e-13,5.15625,2.155352783203125
64,48,1152.0,4.2140625e-13,5.625,2.37041015625
64,52,1248.0,4.248046875e-13,6.09375,2.588653564453125
64,56,1344.0,4.28203125e-13,6.5625,2.8100830078125
64,60,1080.0,4.316015625e-13,7.03125,3.034698486328125
64,64,1152.0,4.35e-13,7.5,3.2625
64,68,1224.0,4.3839843750000004e-13,7.96875,3.4934875488281256
64,72,1296.0,4.41796875e-13,8.4375,3.7276611328124996
64,76,1368.0,4.451953125e-13,8.90625,3.9650207519531246
64,80,1440.0,4.4859375e-13,9.375,4.20556640625
64,84,1512.0,4.5199218750000003e-13,9.84375,4.449298095703126
64,88,1056.0,4.55390625e-13,10.3125,4.6962158203125
64,92,1104.0,4.587890625e-13,10.78125,4.946319580078124
64,96,1152.0,4.621875e-13,11.25,5.1996093750000005
64,100,1200.0,4.655859375e-13,11.71875,5.456085205078125
64,104,1248.0,4.68984375e-13,12.1875,5.715747070312499
64,108,1296.0,4.723828125000001e-13,12.65625,5.978594970703125
64,112,1344.0,4.7578125e-13,13.125,6.244628906250001
64,116,1392.0,4.791796875e-13,13.59375,6.5138488769531255
64,120,1440.0,4.82578125e-13,14.0625,6.7862548828125
64,124,1488.0,4.859765625e-13,14.53125,7.061846923828126
64,128,1536.0,4.89375e-13,15.0,7.340624999999999
68,4,973.9940546000543,4.0781250000000004e-13,0.498046875,0.2031097412109375
68,8,973.9940546000543,4.112109375e-13,0.99609375,0.40960464477539066
68,12,1022.693757330057,4.1460937500000003e-13,1.494140625,0.6194847106933594
68,16,973.9940546000543,4.180078125e-13,1.9921875,0.8327499389648438
68,20,973.9940546000543,4.2140625e-13,2.490234375,1.0494003295898438
68,24,1022.693757330057,4.248046875e-13,2.98828125,1.2694358825683594
68,28,1022.6937573300569,4.28203125e-13,3.486328125,1.4928565979003907
68,32,973.9940546000543,4.316015625e-13,3.984375,1.7196624755859375
68,36,1095.7433114250612,4.35e-13,4.482421875,1.949853515625
68,40,973.9940546000543,4.3839843750000004e-13,4.98046875,2.183429718017578
68,44,1071.3934600600596,4.41796875e-13,5.478515625,2.420391082763672
68,48,1168.792865520065,4.4519531250000003e-13,5.9765625,2.6607376098632813
68,52,1266.1922709800706,4.4859375e-13,6.474609375,2.9044692993164065
68,56,1022.6937573300569,4.5199218750000003e-13,6.97265625,3.1515861511230474
68,60,1095.743311425061,4.55390625e-13,7.470703125,3.402088165283203
68,64,1168.792865520065,4.587890625e-13,7.96875,3.655975341796875
68,68,1241.8424196150693,4.621875e-13,8.466796875,3.9132476806640626
68,72,1314.8919737100732,4.655859375e-13,8.96484375,4.1739051818847654
68,76,1387.9415278050774,4.68984375e-13,9.462890625,4.437947845458985
68,80,973.9940546000543,4.723828125000001e-13,9.9609375,4.70537567138672
68,84,1022.693757330057,4.7578125e-13,10.458984375,4.976188659667969
68,88,1071.3934600600596,4.791796875e-13,10.95703125,5.250386810302734
68,92,1120.0931627900625,4.82578125e-13,11.455078125,5.5279701232910154
68,96,1168.792865520065,4.859765625e-13,11.953125,5.808938598632813
68,100,1217.4925682500677,4.89375e-13,12.451171875,6.093292236328125
68,104,1266.1922709800706,4.927734375e-13,12.94921875,6.381031036376953
68,108,1314.8919737100732,4.96171875e-13,13.447265625,6.6721549987792965
68,112,1363.5916764400758,4.995703125e-13,13.9453125,6.966664123535157
68,116,1412.2913791700787,5.0296875e-13,14.443359375,7.264558410644532
68,120,1460.9910819000813,5.063671875e-13,14.94140625,7.565837860107421
68,124,1509.6907846300842,5.097656250000001e-13,15.439453125,7.870502471923829
72,4,937.8286002192315,4.3160156250000004e-13,0.52734375,0.2276023864746094
72,8,937.8286002192315,4.35e-13,1.0546875,0.45878906249999996
72,12,962.5083002250007,4.3839843750000004e-13,1.58203125,0.6935600280761719
72,16,987.18800023077,4.41796875e-13,2.109375,0.9319152832031249
72,20,987.18800023077,4.4519531250000003e-13,2.63671875,1.1738548278808596
72,24,1036.5474002423084,4.4859375e-13,3.1640625,1.4193786621093751
72,28,1036.5474002423084,4.5199218750000003e-13,3.69140625,1.668486785888672
72,32,987.18800023077,4.55390625e-13,4.21875,1.9211791992187501
72,36,1110.586500259616,4.587890625e-13,4.74609375,2.1774559020996094
72,40,987.18800023077,4.621875e-13,5.2734375,2.4373168945312504
72,44,1085.906800253847,4.655859375e-13,5.80078125,2.700762176513672
72,48,1184.625600276924,4.68984375e-13,6.328125,2.9677917480468747
72,52,962.5083002250007,4.723828125000001e-13,6.85546875,3.2384056091308597
72,56,1036.5474002423084,4.7578125e-13,7.3828125,3.512603759765625
72,60,1110.5865002596163,4.791796875e-13,7.91015625,3.790386199951172
72,64,1184.625600276924,4.82578125e-13,8.4375,4.0717529296875
72,68,1258.6647002942316,4.859765625e-13,8.96484375,4.3567039489746096
72,72,1332.7038003115395,4.89375e-13,9.4921875,4.6452392578125
72,76,937.8286002192315,4.927734375e-13,10.01953125,4.937358856201172
72,80,987.18800023077,4.96171875e-13,10.546875,5.233062744140625
72,84,1036.5474002423084,4.995703125e-13,11.07421875,5.53235092163086
72,88,1085.906800253847,5.0296875e-13,11.6015625,5.835223388671875
72,92,1135.2662002653854,5.063671875e-13,12.12890625,6.141680145263672
72,96,1184.625600276924,5.097656250000001e-13,12.65625,6.45172119140625
72,100,1233.9850002884625,5.131640625e-13,13.18359375,6.76534652709961
72,104,1283.3444003000009,5.165625e-13,13.7109375,7.08255615234375
72,108,1332.7038003115395,5.199609375000001e-13,14.23828125,7.403350067138673
72,112,1382.063200323078,5.23359375e-13,14.765625,7.727728271484376
76,4,899.7015619358763,4.55390625e-13,0.556640625,0.2534889221191406
76,8,899.7015619358763,4.587890625000001e-13,1.11328125,0.5107612609863282
76,12,899.7015619358763,4.621875e-13,1.669921875,0.7718170166015625
76,16,899.7015619358763,4.655859375e-13,2.2265625,1.0366561889648438
76,20,999.6684021509736,4.68984375e-13,2.783203125,1.3052787780761719
76,24,899.7015619358763,4.723828125000001e-13,3.33984375,1.577684783935547
76,28,1049.6518222585223,4.7578125e-13,3.896484375,1.8538742065429688
76,32,999.6684021509736,4.791796875e-13,4.453125,2.1338470458984378
76,36,899.7015619358763,4.825781250000001e-13,5.009765625,2.4176033020019534
76,40,999.6684021509736,4.859765625e-13,5.56640625,2.705142974853516
76,44,1099.635242366071,4.89375e-13,6.123046875,2.996466064453125
76,48,899.7015619358763,4.927734375e-13,6.6796875,3.291572570800781
76,52,974.6766920971993,4.961718750000001e-13,7.236328125,3.590462493896485
76,56,1049.6518222585223,4.995703125e-13,7.79296875,3.8931358337402346
76,60,1124.6269524198453,5.0296875e-13,8.349609375,4.199592590332031
76,64,1199.6020825811684,5.063671875e-13,8.90625,4.509832763671875
76,68,1274.5772127424914,5.097656250000001e-13,9.462890625,4.823856353759766
76,72,899.7015619358763,5.131640625e-13,10.01953125,5.141663360595703
76,76,949.684982043425,5.165625e-13,10.576171875,5.463253784179687
76,80,999.6684021509736,5.199609375000001e-13,11.1328125,5.78862762451172
76,84,1049.6518222585223,5.23359375e-13,11.689453125,6.117784881591797
76,88,1099.635242366071,5.267578125e-13,12.24609375,6.450725555419922
76,92,1149.6186624736197,5.3015625e-13,12.802734375,6.787449645996094
76,96,1199.6020825811684,5.335546875000001e-13,13.359375,7.127957153320313
76,100,1249.585502688717,5.36953125e-13,13.916015625,7.472248077392579
76,104,1299.5689227962657,5.403515625e-13,14.47265625,7.820322418212891
80,4,859.7822209046814,4.791796875e-13,0.5859375,0.28076934814453125
80,8,859.7822209046814,4.825781250000001e-13,1.171875,0.5655212402343751
80,12,910.3576456637802,4.859765625e-13,1.7578125,0.8542556762695314
80,16,910.3576456637802,4.89375e-13,2.34375,1.14697265625
80,20,885.0699332842307,4.927734375e-13,2.9296875,1.4436721801757812
80,24,910.3576456637802,4.961718750000001e-13,3.515625,1.7443542480468752
80,28,885.0699332842307,4.995703125e-13,4.1015625,2.0490188598632812
80,32,1011.508495181978,5.0296875e-13,4.6875,2.357666015625
80,36,910.3576456637802,5.063671875e-13,5.2734375,2.6702957153320312
80,40,1011.508495181978,5.097656250000001e-13,5.859375,2.9869079589843754
80,44,1112.6593447001758,5.131640625e-13,6.4453125,3.3075027465820312
80,48,910.3576456637802,5.165625e-13,7.03125,3.632080078125
80,52,986.2207828024285,5.199609375000001e-13,7.6171875,3.960639953613282
80,56,1062.083919941077,5.23359375e-13,8.203125,4.293182373046875
80,60,1137.9470570797253,5.267578125e-13,8.7890625,4.629707336425781
80,64,1213.8101942183737,5.3015625e-13,9.375,4.97021484375
80,68,859.7822209046814,5.335546875000001e-13,9.9609375,5.314704895019532
80,72,910.3576456637802,5.36953125e-13,10.546875,5.663177490234375
80,76,960.9330704228792,5.403515625e-13,11.1328125,6.015632629394531
80,80,1011.508495181978,5.4375e-13,11.71875,6.3720703125
80,84,1062.0839199410768,5.471484375000001e-13,12.3046875,6.732490539550782
80,88,1112.6593447001758,5.50546875e-13,12.890625,7.096893310546875
80,92,1163.2347694592747,5.539453125e-13,13.4765625,7.46527862548828
80,96,1213.8101942183737,5.573437500000001e-13,14.0625,7.837646484375002
84,4,843.7858998067965,5.0296875e-13,0.615234375,0.30944366455078126
84,8,869.3551694979114,5.063671875000001e-13,1.23046875,0.6230690002441407
84,12,843.7858998067965,5.097656250000001e-13,1.845703125,0.9408760070800782
84,16,920.4937088801415,5.131640625e-13,2.4609375,1.2628646850585938
84,20,894.9244391890264,5.165625e-13,3.076171875,1.5890350341796875
84,24,920.4937088801416,5.199609375000001e-13,3.69140625,1.9193870544433598
84,28,894.9244391890265,5.23359375e-13,4.306640625,2.2539207458496096
84,32,1022.7707876446017,5.267578125e-13,4.921875,2.592636108398438
84,36,920.4937088801415,5.301562500000001e-13,5.537109375,2.9355331420898443
84,40,1022.7707876446017,5.335546875000001e-13,6.15234375,3.2826118469238286
84,44,843.7858998067965,5.36953125e-13,6.767578125,3.633872222900391
84,48,920.4937088801416,5.403515625e-13,7.3828125,3.9893142700195314
84,52,997.2015179534867,5.437500000000001e-13,7.998046875,4.348937988281251
84,56,1073.9093270268318,5.471484375000001e-13,8.61328125,4.712743377685547
84,60,1150.617136100177,5.50546875e-13,9.228515625,5.080730438232422
84,64,1227.324945173522,5.539453125e-13,9.84375,5.452899169921874
84,68,869.3551694979114,5.573437500000001e-13,10.458984375,5.829249572753907
84,72,920.4937088801415,5.607421875e-13,11.07421875,6.2097816467285165
84,76,971.6322482623716,5.64140625e-13,11.689453125,6.594495391845703
84,80,1022.7707876446017,5.675390625000001e-13,12.3046875,6.98339080810547
84,84,1073.9093270268318,5.709375000000001e-13,12.919921875,7.376467895507813
84,88,1125.047866409062,5.743359375e-13,13.53515625,7.7737266540527346
88,4,800.9695207110249,5.267578125e-13,0.64453125,0.3395118713378906
88,8,826.807247185574,5.301562500000001e-13,1.2890625,0.6834045410156251
88,12,852.6449736601232,5.335546875000001e-13,1.93359375,1.0316780090332032
88,16,826.807247185574,5.36953125e-13,2.578125,1.384332275390625
88,20,904.3204266092217,5.403515625e-13,3.22265625,1.7413673400878906
88,24,930.1581530837709,5.437500000000001e-13,3.8671875,2.102783203125
88,28,904.3204266092216,5.471484375000001e-13,4.51171875,2.4685798645019537
88,32,826.807247185574,5.50546875e-13,5.15625,2.8387573242187503
88,36,930.1581530837708,5.539453125e-13,5.80078125,3.2133155822753907
88,40,1033.5090589819677,5.573437500000001e-13,6.4453125,3.5922546386718754
88,44,852.6449736601232,5.607421875e-13,7.08984375,3.975574493408203
88,48,930.1581530837709,5.64140625e-13,7.734375,4.3632751464843755
88,52,1007.6713325074184,5.675390625000001e-13,8.37890625,4.755356597900391
88,56,1085.184511931066,5.709375000000001e-13,9.0234375,5.1518188476562505
88,60,1162.6976913547135,5.743359375e-13,9.66796875,5.552661895751953
88,64,826.807247185574,5.77734375e-13,10.3125,5.9578857421875
88,68,878.4827001346724,5.811328125000001e-13,10.95703125,6.367490386962891
88,72,930.1581530837708,5.8453125e-13,11.6015625,6.781475830078126
88,76,981.8336060328692,5.879296875e-13,12.24609375,7.199842071533204
88,80,1033.5090589819677,5.91328125e-13,12.890625,7.622589111328124
92,4,782.8274347268416,5.50546875e-13,0.673828125,0.3709739685058594
92,8,782.8274347268416,5.539453125000001e-13,1.34765625,0.7465278625488282
92,12,782.8274347268416,5.573437500000001e-13,2.021484375,1.1266616821289064
92,16,835.0159303752977,5.607421875e-13,2.6953125,1.5113754272460938
92,20,782.8274347268416,5.64140625e-13,3.369140625,1.9006690979003908
92,24,782.8274347268416,5.675390625000001e-13,4.04296875,2.2945426940917972
92,28,913.2986738479817,5.709375000000001e-13,4.716796875,2.6929962158203127
92,32,835.0159303752977,5.743359375e-13,5.390625,3.096029663085938
92,36,939.3929216722099,5.777343750000001e-13,6.064453125,3.5036430358886728
92,40,782.8274347268416,5.811328125000001e-13,6.73828125,3.9158363342285165
92,44,861.1101781995256,5.8453125e-13,7.412109375,4.332609558105469
92,48,939.3929216722099,5.879296875e-13,8.0859375,4.753962707519531
92,52,1017.6756651448941,5.913281250000001e-13,8.759765625,5.179895782470704
92,56,1095.9584086175782,5.947265625000001e-13,9.43359375,5.610408782958984
92,60,782.8274347268416,5.98125e-13,10.107421875,6.045501708984375
92,64,835.0159303752977,6.015234375e-13,10.78125,6.4851745605468745
92,68,887.2044260237537,6.049218750000001e-13,11.455078125,6.929427337646485
92,72,939.3929216722099,6.083203125000001e-13,12.12890625,7.3782600402832035
92,76,991.581417320666,6.1171875e-13,12.802734375,7.831672668457031
96,4,763.8556500836542,5.743359374999999e-13,0.703125,0.40382995605468747
96,8,790.1955000865387,5.77734375e-13,1.40625,0.81243896484375
96,12,790.1955000865388,5.811328125e-13,2.109375,1.2258270263671875
96,16,842.875200092308,5.845312499999999e-13,2.8125,1.6439941406249998
96,20,790.1955000865387,5.879296874999999e-13,3.515625,2.066940307617187
96,24,790.1955000865388,5.91328125e-13,4.21875,2.49466552734375
96,28,921.8947501009619,5.947265625e-13,4.921875,2.9271697998046875
96,32,842.875200092308,5.981249999999999e-13,5.625,3.364453125
96,36,948.2346001038464,6.015234375e-13,6.328125,3.8065155029296873
96,40,790.1955000865387,6.04921875e-13,7.03125,4.25335693359375
96,44,869.2150500951926,6.083203125e-13,7.734375,4.704977416992187
96,48,948.2346001038466,6.117187499999999e-13,8.4375,5.161376953124999
96,52,1027.2541501125004,6.151171875e-13,9.140625,5.622555541992187
96,56,1106.2737001211542,6.18515625e-13,9.84375,6.08851318359375
96,60,790.1955000865387,6.219140624999999e-13,10.546875,6.559249877929687
96,64,842.875200092308,6.253124999999999e-13,11.25,7.0347656249999995
96,68,895.5549000980773,6.287109375e-13,11.953125,7.515060424804688
100,4,717.5364684956702,5.981249999999999e-13,0.732421875,0.43807983398437494
100,8,744.1118932547691,6.015234375e-13,1.46484375,0.8811378479003906
100,12,717.5364684956703,6.04921875e-13,2.197265625,1.3291740417480469
100,16,744.1118932547691,6.083203125e-13,2.9296875,1.7821884155273438
100,20,797.2627427729669,6.117187499999999e-13,3.662109375,2.2401809692382812
100,24,797.2627427729669,6.151171875e-13,4.39453125,2.7031517028808594
100,28,744.1118932547691,6.18515625e-13,5.126953125,3.171100616455078
100,32,850.4135922911647,6.219140624999999e-13,5.859375,3.644027709960937
100,36,717.5364684956702,6.253124999999999e-13,6.591796875,4.1219329833984375
100,40,797.2627427729669,6.287109375e-13,7.32421875,4.604816436767578
100,44,876.9890170502637,6.32109375e-13,8.056640625,5.092678070068359
100,48,956.7152913275604,6.355078124999999e-13,8.7890625,5.58551788330078
100,52,1036.441565604857,6.3890625e-13,9.521484375,6.083335876464844
100,56,744.1118932547691,6.423046875e-13,10.25390625,6.586132049560547
100,60,797.2627427729669,6.45703125e-13,10.986328125,7.09390640258789
100,64,850.4135922911647,6.491015624999999e-13,11.71875,7.606658935546874
104,4,696.8457306866735,6.219140624999999e-13,0.76171875,0.47372360229492183
104,8,696.8457306866735,6.253125e-13,1.5234375,0.95262451171875
104,12,723.6474895592379,6.287109375e-13,2.28515625,1.4367027282714842
104,16,750.4492484318023,6.32109375e-13,3.046875,1.9259582519531246
104,20,804.0527661769311,6.355078124999999e-13,3.80859375,2.420391082763672
104,24,804.0527661769311,6.3890625e-13,4.5703125,2.920001220703125
104,28,750.4492484318023,6.423046875e-13,5.33203125,3.4247886657714846
104,32,857.6562839220597,6.45703125e-13,6.09375,3.9347534179687496
104,36,723.6474895592379,6.491015625e-13,6.85546875,4.449895477294922
104,40,804.0527661769311,6.525e-13,7.6171875,4.97021484375
104,44,884.4580427946241,6.558984375e-13,8.37890625,5.495711517333984
104,48,964.8633194123172,6.592968749999999e-13,9.140625,6.026385498046874
104,52,696.8457306866735,6.626953125e-13,9.90234375,6.562236785888672
104,56,750.4492484318023,6.6609375e-13,10.6640625,7.103265380859375
104,60,804.052766176931,6.694921875e-13,11.42578125,7.6494712829589835
108,4,675.4887502163468,6.45703125e-13,0.791015625,0.5107612609863281
108,8,702.5083002250007,6.491015625e-13,1.58203125,1.026898956298828
108,12,729.5278502336545,6.525e-13,2.373046875,1.5484130859375
108,16,756.5474002423084,6.558984375e-13,3.1640625,2.075303649902344
108,20,675.4887502163468,6.592968749999999e-13,3.955078125,2.607570648193359
108,24,810.5865002596161,6.626953125e-13,4.74609375,3.145214080810547
108,28,756.5474002423084,6.6609375e-13,5.537109375,3.6882339477539063
108,32,864.6256002769239,6.694921875e-13,6.328125,4.236630249023437
108,36,729.5278502336546,6.728906249999999e-13,7.119140625,4.79040298461914
108,40,810.5865002596163,6.762890625e-13,7.91015625,5.349552154541016
108,44,891.6451502855779,6.796875e-13,8.701171875,5.914077758789062
108,48,972.7038003115393,6.830859374999999e-13,9.4921875,6.483979797363281
108,52,702.5083002250007,6.86484375e-13,10.283203125,7.059258270263673
108,56,756.5474002423084,6.898828125e-13,11.07421875,7.639913177490235
112,4,680.7354922057604,6.694921875e-13,0.8203125,0.5491928100585937
112,8,707.9649118939908,6.72890625e-13,1.640625,1.1039611816406252
112,12,735.1943315822211,6.762890625e-13,2.4609375,1.6643051147460939
112,16,762.4237512704516,6.796875e-13,3.28125,2.230224609375
112,20,680.7354922057605,6.830859374999999e-13,4.1015625,2.8017196655273433
112,24,816.8825906469124,6.86484375e-13,4.921875,3.3787902832031254
112,28,762.4237512704516,6.898828125e-13,5.7421875,3.9614364624023435
112,32,871.3414300233733,6.9328125e-13,6.5625,4.5496582031249995
112,36,735.1943315822213,6.966796875e-13,7.3828125,5.143455505371095
112,40,816.8825906469125,7.00078125e-13,8.203125,5.742828369140625
112,44,898.5708497116036,7.034765625e-13,9.0234375,6.347776794433593
112,48,980.2591087762949,7.06875e-13,9.84375,6.95830078125
112,52,707.9649118939908,7.102734375e-13,10.6640625,7.574400329589843
116,4,658.3661755322469,6.9328125e-13,0.849609375,0.5890182495117188
116,8,658.3661755322469,6.966796875e-13,1.69921875,1.1838111877441406
116,12,658.3661755322469,7.00078125e-13,2.548828125,1.7843788146972657
116,16,658.3661755322469,7.034765625e-13,3.3984375,2.3907211303710936
116,20,685.7980995127572,7.06875e-13,4.248046875,3.0028381347656246
116,24,658.3661755322469,7.102734375e-13,5.09765625,3.6207298278808597
116,28,768.0938714542881,7.13671875e-13,5.947265625,4.244396209716797
116,32,658.3661755322469,7.170703125e-13,6.796875,4.873837280273437
116,36,740.6619474737777,7.204687499999999e-13,7.646484375,5.509053039550781
116,40,822.9577194153087,7.238671875e-13,8.49609375,6.150043487548829
116,44,905.2534913568395,7.27265625e-13,9.345703125,6.796808624267578
116,48,658.3661755322469,7.306640625e-13,10.1953125,7.44934844970703
120,4,635.4339347959838,7.170703125e-13,0.87890625,0.630237579345703
120,8,663.0614971784178,7.2046875e-13,1.7578125,1.266448974609375
120,12,663.0614971784178,7.238671875e-13,2.63671875,1.9086341857910154
120,16,663.0614971784178,7.27265625e-13,3.515625,2.556793212890625
120,20,690.6890595608519,7.306640625e-13,4.39453125,3.210926055908203
120,24,663.0614971784178,7.340625e-13,5.2734375,3.87103271484375
120,28,773.5717467081541,7.374609375e-13,6.15234375,4.537113189697266
120,32,663.0614971784178,7.40859375e-13,7.03125,5.20916748046875
120,36,745.94418432572,7.442578125000001e-13,7.91015625,5.887195587158204
120,40,828.8268714730223,7.4765625e-13,8.7890625,6.571197509765625
120,44,911.7095586203245,7.510546875e-13,9.66796875,7.261173248291016
120,48,663.0614971784178,7.54453125e-13,10.546875,7.957122802734374
124,4,611.969275314045,7.40859375e-13,0.908203125,0.6728507995605468
124,8,611.969275314045,7.442578125000001e-13,1.81640625,1.3518745422363283
124,12,667.6028457971399,7.4765625e-13,2.724609375,2.0370712280273438
124,16,667.6028457971399,7.510546875e-13,3.6328125,2.7284408569335934
124,20,695.4196310386875,7.54453125e-13,4.541015625,3.425983428955078
124,24,667.6028457971399,7.578515625e-13,5.44921875,4.129698944091797
124,28,778.86998676333,7.6125e-13,6.357421875,4.839587402343749
124,32,667.6028457971399,7.646484375e-13,7.265625,5.5556488037109375
124,36,751.0532015217825,7.68046875e-13,8.173828125,6.277883148193359
124,40,834.5035572464251,7.714453125e-13,9.08203125,7.006290435791016
124,44,611.969275314045,7.7484375e-13,9.990234375,7.740870666503906
128,4,616.0,7.646484375e-13,0.9375,0.71685791015625
128,8,616.0,7.680468750000001e-13,1.875,1.440087890625
128,12,672.0,7.714453125e-13,2.8125,2.16968994140625
128,16,672.0,7.7484375e-13,3.75,2.9056640625
128,20,700.0,7.782421875e-13,4.6875,3.64801025390625
128,24,672.0,7.81640625e-13,5.625,4.396728515625001
128,28,784.0,7.850390625e-13,6.5625,5.1518188476562505
128,32,672.0,7.884375e-13,7.5,5.91328125
128,36,756.0,7.918359375000001e-13,8.4375,6.6811157226562505
128,40,840.0,7.95234375e-13,9.375,7.455322265625001
